stag,event,gender,age,industry,profession,traffic,coach,head_gender,greywage,way,extraversion,independ,selfcontrol,anxiety,novator,wayencoded
7.030800821,1,1,35.0,2,6,4,1,0,1,0,6.2,4.1,5.7,7.1,8.3,0
22.9650924,1,1,33.0,2,6,2,1,1,1,0,6.2,4.1,5.7,7.1,8.3,0
15.93429158,1,0,35.0,8,6,4,1,1,1,0,6.2,6.2,2.6,4.8,8.3,0
15.93429158,1,0,35.0,8,6,4,1,1,1,0,5.4,7.6,4.9,2.5,6.7,0
8.410677618,1,1,32.0,10,2,7,2,0,1,0,3.0,4.1,8.0,7.1,3.7,0
8.969199179,1,0,42.0,14,6,2,2,1,1,0,6.2,6.2,4.1,5.6,6.7,0
8.969199179,1,0,42.0,14,6,2,2,1,1,0,6.2,6.2,4.1,5.6,6.7,0
120.4435318,1,0,28.0,10,6,6,1,1,1,0,3.8,5.5,8.0,4.0,4.4,0
8.607802875,1,0,29.0,2,6,2,1,0,1,0,8.6,6.9,2.6,4.0,7.5,0
4.435318275,1,0,30.0,4,9,7,2,1,1,0,5.4,5.5,3.3,7.9,8.3,0
67.35112936,1,0,40.0,14,6,4,1,1,1,1,8.6,4.1,1.8,7.1,6.7,1
20.92813142,1,1,23.0,2,6,6,2,1,1,0,3.0,6.9,4.9,4.8,7.5,0
20.92813142,1,0,22.0,4,6,4,0,0,1,2,5.4,8.4,4.9,3.3,6.0,2
8.936344969,1,0,24.0,11,13,1,2,0,1,2,7.0,6.2,4.1,7.1,9.0,2
33.57700205,1,0,25.0,13,6,0,0,0,1,2,9.4,1.2,4.1,5.6,6.7,2
16.39425051,1,0,28.0,3,6,7,1,1,1,1,8.6,5.5,4.9,4.8,5.2,1
15.34291581,1,0,30.0,2,6,4,1,1,1,0,5.4,5.5,3.3,4.8,6.7,0
26.4476386,1,0,27.0,5,11,6,2,1,1,0,5.4,6.9,2.6,5.6,8.3,0
14.71868583,1,0,36.0,2,6,6,2,0,0,0,5.4,6.9,3.3,3.3,7.5,0
45.37166324,1,0,29.0,13,6,6,1,1,1,0,7.8,6.2,6.4,7.9,6.0,0
45.37166324,1,0,29.0,13,6,6,1,1,1,0,3.8,3.4,5.7,8.7,7.5,0
36.96098563,1,0,48.0,11,1,2,1,0,1,0,4.6,6.2,4.9,5.6,6.7,0
22.47227926,1,0,29.0,2,5,0,1,0,1,1,7.8,4.8,5.7,7.1,6.0,1
59.20328542,1,0,25.0,2,6,5,2,0,1,0,5.4,4.8,7.2,5.6,5.2,0
59.20328542,1,0,25.0,2,6,5,2,0,1,0,4.6,4.1,8.7,5.6,2.1,0
12.38603696,1,0,36.0,2,5,4,1,1,1,1,7.8,6.9,3.3,3.3,7.5,1
24.3449692,1,0,36.0,10,6,4,0,1,1,0,7.8,2.6,5.7,7.1,5.2,0
11.95893224,1,1,29.0,2,6,4,1,0,1,1,3.8,1.9,9.5,7.9,3.7,1
3.252566735,1,0,35.0,0,6,2,0,0,1,0,3.0,7.6,7.2,4.0,7.5,0
3.252566735,1,0,35.0,0,6,2,0,0,1,0,1.4,8.4,8.0,4.8,6.0,0
14.58726899,1,0,21.0,12,11,4,2,0,1,0,8.6,4.1,4.9,5.6,6.0,0
16.91991786,1,1,35.0,13,11,7,1,1,1,1,4.6,3.4,4.1,8.7,4.4,1
28.15605749,1,0,25.0,13,13,6,0,0,1,0,3.8,6.9,6.4,7.1,7.5,0
60.94455852,1,0,30.40033257,10,6,7,1,1,1,0,7.0,6.2,4.1,2.5,6.7,0
87.68788501,1,0,29.0,4,6,4,1,0,1,0,7.0,6.2,4.1,4.0,9.0,0
43.4661191,1,0,22.0,7,6,4,1,1,1,0,3.0,4.1,8.7,7.1,6.0,0
22.73511294,1,0,34.0,10,6,0,1,1,1,1,5.4,5.5,4.9,4.8,4.4,1
22.73511294,1,0,34.0,10,6,0,1,1,1,1,6.2,6.2,4.9,3.3,2.9,1
22.73511294,1,0,34.0,10,6,0,1,1,1,1,5.4,5.5,4.9,4.8,4.4,1
22.73511294,1,0,34.0,10,6,0,1,1,1,1,6.2,6.2,4.9,3.3,2.9,1
13.07597536,1,0,21.0,13,6,2,1,0,1,0,5.4,7.6,4.9,3.3,2.1,0
7.589322382,1,0,22.0,13,6,7,2,0,0,1,7.0,4.8,6.4,4.0,4.4,1
36.23819302,1,0,32.0,10,6,7,1,1,1,1,3.0,7.6,7.2,4.8,2.9,1
19.08829569,1,0,36.0,7,13,2,1,0,1,1,4.6,7.6,5.7,5.6,8.3,1
4.369609856,1,0,30.0,2,6,7,1,1,1,0,6.2,3.4,8.0,3.3,3.7,0
80.98562628,1,0,32.0,10,6,4,0,1,1,0,3.8,6.2,8.0,4.0,6.0,0
9.100616016,1,0,33.0,10,6,2,1,1,1,1,7.0,4.8,4.1,7.1,8.3,1
36.92813142,1,0,49.0,11,1,2,0,0,1,0,4.6,6.2,4.9,5.6,6.7,0
3.975359343,1,0,29.0,10,6,2,2,1,1,0,7.8,5.5,5.7,4.0,5.2,0
3.975359343,1,0,29.0,10,6,2,2,1,1,0,6.2,6.2,5.7,6.3,2.9,0
3.975359343,1,0,29.0,10,6,2,2,1,1,0,7.0,6.2,5.7,4.0,3.7,0
7.589322382,1,1,36.0,6,6,2,1,1,1,2,4.6,4.8,7.2,6.3,7.5,2
95.21149897,1,0,22.0,11,12,1,0,1,1,0,8.6,4.8,4.9,4.0,6.7,0
41.69199179,1,0,21.0,15,6,2,2,0,1,2,7.8,5.5,2.6,7.1,9.0,2
14.9486653,1,0,25.0,10,6,2,1,0,1,0,8.6,6.2,3.3,6.3,6.0,0
50.72689938,1,1,38.0,14,6,4,1,1,1,1,6.2,3.4,7.2,6.3,3.7,1
50.72689938,1,1,38.0,14,6,4,1,1,1,1,7.0,5.5,5.7,6.3,6.0,1
35.28542094,1,0,23.0,4,6,2,2,0,1,0,10.0,4.8,4.1,5.6,8.3,0
35.28542094,1,0,23.0,4,6,2,2,0,1,0,8.6,4.8,4.1,6.3,9.0,0
35.94250513,1,1,38.0,2,1,5,1,1,1,1,8.6,3.4,6.4,4.0,6.0,1
15.57289528,1,0,24.0,10,6,7,1,0,1,2,6.2,7.6,3.3,3.3,6.7,2
15.57289528,1,0,24.0,10,6,7,1,0,1,2,6.2,7.6,3.3,3.3,6.7,2
52.96098563,1,0,36.0,14,6,4,0,1,1,1,4.6,4.1,8.0,5.6,6.0,1
7.819301848,1,0,21.0,11,11,1,0,1,0,0,4.6,5.5,7.2,3.3,5.2,0
81.83983573,1,0,29.0,12,6,4,0,0,1,2,3.8,6.9,6.4,5.6,8.3,2
55.72073922,1,0,29.0,2,6,2,0,0,1,0,7.0,6.2,4.1,4.0,4.4,0
4.336755647,1,0,26.0,14,6,6,1,0,1,1,3.8,4.8,5.7,7.9,2.9,1
18.95687885,1,1,36.0,13,14,4,0,1,1,1,6.2,4.1,6.4,6.3,5.2,1
18.95687885,1,1,36.0,13,14,4,0,1,1,1,8.6,2.6,7.2,4.8,4.4,1
53.81519507,1,0,30.40033257,11,12,5,1,1,1,2,4.6,9.1,4.1,4.0,6.0,2
90.51334702,1,0,22.0,11,6,6,0,0,1,0,6.2,5.5,3.3,6.3,6.7,0
40.57494867,1,1,29.0,2,9,4,1,0,1,0,6.2,4.8,6.4,5.6,5.2,0
59.49897331,1,0,23.0,11,12,1,1,0,1,0,7.0,5.5,3.3,6.3,5.2,0
6.603696099,1,1,22.0,14,14,1,1,0,1,2,7.8,5.5,1.0,9.4,9.0,2
44.78028747,1,0,36.0,13,6,4,1,1,1,0,7.8,4.8,4.9,5.6,9.0,0
6.669404517,1,1,27.0,11,12,4,1,0,1,0,6.2,5.5,6.4,4.0,4.4,0
15.70431211,0,0,34.0,10,6,2,1,0,1,1,8.6,5.5,4.1,5.6,6.7,1
15.70431211,0,0,34.0,10,6,2,1,0,1,1,8.6,3.4,4.1,7.1,6.0,1
15.70431211,0,0,34.0,10,6,2,1,0,1,1,7.8,4.1,4.1,7.1,6.7,1
59.20328542,1,0,25.0,2,6,5,1,0,1,0,5.4,4.8,7.2,5.6,5.2,0
59.20328542,1,0,25.0,2,6,5,1,0,1,0,4.6,4.1,8.7,5.6,2.1,0
17.3798768,1,0,24.0,4,6,4,1,0,1,0,5.4,6.9,4.9,4.0,6.7,0
38.86652977,1,0,27.0,10,13,6,2,1,1,0,5.4,6.9,2.6,5.6,8.3,0
7.950718686,1,0,34.0,2,1,0,0,1,1,1,7.0,6.2,7.2,2.5,5.2,1
7.950718686,1,0,34.0,2,1,0,0,1,1,1,8.6,6.9,5.7,3.3,4.4,1
96.52566735,1,0,24.0,5,6,0,1,0,1,0,6.2,4.8,7.2,4.0,6.7,0
86.53798768,1,0,23.0,11,12,6,2,0,1,0,3.8,6.9,8.0,1.7,2.1,0
52.862423,1,0,38.0,12,6,7,1,1,1,1,4.6,5.5,7.2,6.3,7.5,1
17.57700205,1,0,25.0,2,6,2,1,1,1,0,6.2,6.2,5.7,5.6,7.5,0
17.57700205,1,0,25.0,2,6,2,1,1,1,0,6.2,7.6,4.1,4.8,9.0,0
25.06776181,1,0,28.0,14,6,7,0,1,1,0,6.2,4.8,4.1,4.0,6.7,0
86.83367556,1,0,29.0,14,6,4,0,0,1,1,7.0,5.5,1.8,6.3,6.0,1
13.10882957,1,1,26.0,13,2,4,1,1,1,1,6.2,4.1,4.9,6.3,2.9,1
26.18480493,1,1,21.0,13,9,6,1,1,1,0,4.6,6.9,4.1,5.6,6.0,0
9.626283368,1,0,25.0,4,6,7,0,0,1,0,5.4,6.9,5.7,3.3,2.9,0
9.889117043,1,0,25.0,4,6,7,0,0,1,0,5.4,6.9,5.7,3.3,2.9,0
3.351129363,1,0,24.0,4,6,7,1,0,1,0,4.6,6.9,5.7,5.6,2.9,0
15.3100616,1,0,31.0,11,6,4,1,1,0,0,2.2,1.0,8.0,8.7,3.7,0
80.06570842,1,0,45.0,10,6,2,1,0,1,0,3.0,5.5,10.0,6.3,2.9,0
16.78850103,1,0,21.0,13,13,4,0,0,1,0,7.0,6.9,5.7,4.0,5.2,0
19.44969199,1,0,22.0,13,6,7,0,0,1,0,5.4,6.2,4.1,8.7,8.3,0
9.034907598,1,0,37.0,6,2,0,2,1,1,0,3.8,7.6,4.9,7.1,9.0,0
18.49691992,1,0,32.0,13,6,2,0,1,1,0,7.8,6.2,3.3,4.0,8.3,0
53.19096509,1,0,37.0,14,6,4,0,1,1,0,7.0,4.8,5.7,6.3,8.3,0
42.57905544,1,0,30.0,10,6,0,1,0,1,0,6.2,6.2,5.7,5.6,8.3,0
23.6550308,1,0,37.0,15,6,7,1,1,1,0,6.2,5.5,5.7,6.3,9.0,0
41.29774127,1,0,22.0,7,6,4,1,1,1,0,3.8,1.9,8.7,6.3,4.4,0
41.29774127,1,0,22.0,7,6,4,1,1,1,0,5.4,2.6,8.0,7.1,5.2,0
123.3347023,1,0,22.0,2,7,6,0,1,1,0,4.6,4.8,6.4,7.1,6.0,0
123.3347023,1,0,22.0,2,7,6,0,1,1,0,4.6,6.2,6.4,4.0,6.7,0
13.17453799,1,1,28.0,12,7,4,1,1,1,1,8.6,6.2,1.0,5.6,6.7,1
13.17453799,1,1,28.0,12,7,4,1,1,1,1,7.0,6.2,2.6,5.6,8.3,1
14.85010267,1,1,25.0,14,6,2,0,0,1,1,6.2,5.5,5.7,5.6,4.4,1
24.24640657,1,0,23.0,3,9,4,0,0,1,0,3.8,7.6,7.2,2.5,4.4,0
12.09034908,1,1,25.0,3,6,7,2,0,1,0,7.0,4.8,4.9,5.6,6.0,0
11.49897331,1,0,26.0,2,6,7,1,0,1,0,4.6,6.2,5.7,4.0,6.0,0
11.49897331,1,0,26.0,2,6,7,1,0,1,0,4.6,5.5,6.4,5.6,5.2,0
27.36755647,1,1,30.0,10,11,7,1,1,1,1,7.0,4.8,1.8,8.7,6.7,1
15.54004107,1,1,38.0,5,7,6,1,1,1,1,6.2,4.1,1.8,8.7,8.3,1
4.960985626,1,0,37.0,11,9,5,1,0,1,2,9.4,4.1,4.9,4.0,8.3,2
19.8110883,1,0,26.0,1,8,4,1,1,0,0,5.4,4.8,8.7,5.6,2.9,0
103.3921971,1,0,27.0,2,6,7,1,0,1,1,3.8,4.8,9.5,6.3,3.7,1
3.975359343,1,0,29.0,10,13,2,1,1,1,0,7.8,5.5,5.7,4.0,5.2,0
3.975359343,1,0,29.0,10,13,2,1,1,1,0,6.2,6.2,5.7,6.3,2.9,0
3.975359343,1,0,29.0,10,13,2,1,1,1,0,7.0,6.2,5.7,4.0,3.7,0
70.93223819,1,0,26.0,14,6,4,1,1,1,0,3.8,5.5,8.7,3.3,3.7,0
70.93223819,1,0,26.0,14,6,4,1,1,1,0,3.0,6.9,6.4,3.3,2.9,0
51.94250513,1,0,49.0,14,6,2,0,1,1,0,6.2,8.4,3.3,3.3,6.0,0
38.76796715,1,1,21.0,2,6,5,2,0,1,2,7.8,6.2,2.6,5.6,9.0,2
38.76796715,1,1,21.0,2,6,5,2,0,1,2,7.0,3.4,3.3,7.1,8.3,2
34.95687885,1,1,26.0,6,6,2,2,0,1,1,4.6,3.4,8.7,7.9,7.5,1
49.3798768,1,0,22.0,13,9,4,1,0,0,1,5.4,6.9,6.4,4.0,4.4,1
25.65913758,1,1,51.0,10,13,6,1,1,1,1,3.0,5.5,9.5,5.6,5.2,1
50.72689938,1,0,28.0,14,5,4,1,1,1,1,7.8,3.4,6.4,4.0,4.4,1
22.07802875,1,1,52.0,4,3,4,1,1,1,2,3.0,9.1,4.9,6.3,6.7,2
11.07186858,1,0,43.0,7,6,7,0,0,1,1,4.6,5.5,3.3,7.9,7.5,1
50.59548255,1,0,44.0,14,6,4,1,1,0,1,7.0,6.9,4.9,3.3,6.0,1
17.41273101,1,0,45.0,14,4,4,0,0,1,0,3.8,4.1,7.2,5.6,3.7,0
24.41067762,1,0,27.0,3,6,4,1,0,1,0,3.8,9.8,4.1,4.0,9.0,0
23.88501027,1,0,26.0,10,6,7,0,0,1,0,7.0,5.5,4.1,4.8,7.5,0
20.04106776,1,0,25.0,14,6,1,2,0,1,1,9.4,3.4,1.8,8.7,7.5,1
150.9979466,1,0,19.0,2,6,1,2,1,1,2,7.0,3.4,5.7,7.9,6.7,2
10.7761807,1,0,31.0,13,6,4,1,1,1,0,9.4,3.4,1.0,8.7,9.8,0
78.68583162,1,0,31.0,2,6,4,1,0,0,0,3.8,4.1,7.2,8.7,2.1,0
78.68583162,1,0,31.0,2,6,4,1,0,0,0,3.8,4.1,7.2,8.7,2.1,0
81.18275154,1,0,31.0,9,6,6,0,0,1,0,6.2,4.8,8.7,6.3,5.2,0
13.40451745,1,0,30.40033257,13,6,7,1,0,1,0,6.2,4.1,6.4,6.3,1.0,0
13.40451745,1,0,30.40033257,13,6,7,1,0,1,0,7.0,6.9,4.1,6.3,3.7,0
142.4558522,1,0,18.0,10,6,1,1,0,1,0,6.2,5.5,6.4,4.8,5.2,0
10.94045175,1,1,33.0,5,3,7,2,1,1,1,3.0,10.0,5.7,6.3,8.3,1
12.05749487,1,0,36.0,10,11,7,1,1,1,0,5.4,4.8,4.9,4.8,6.0,0
54.07802875,1,0,31.0,13,6,2,0,1,1,1,3.0,5.5,7.2,5.6,6.0,1
5.650924025,1,0,45.0,5,6,4,1,1,1,1,7.8,4.8,4.1,4.0,6.0,1
19.84394251,1,0,29.0,10,6,2,0,0,1,1,8.6,6.9,4.9,3.3,6.0,1
79.86858316,1,1,23.0,2,6,4,1,0,1,0,5.4,5.5,5.7,8.7,5.2,0
8.772073922,1,0,27.0,10,6,4,0,0,1,1,6.2,4.8,6.4,6.3,2.9,1
19.18685832,1,0,22.0,10,11,7,2,1,0,0,8.6,4.1,4.9,4.8,5.2,0
7.589322382,1,1,47.0,14,2,2,1,1,0,0,3.8,1.9,8.7,8.7,2.1,0
7.589322382,1,1,47.0,14,2,2,1,1,0,0,4.6,4.1,5.7,9.4,3.7,0
7.589322382,1,1,47.0,14,2,2,1,1,0,0,3.0,5.5,4.9,9.4,4.4,0
10.84188912,1,0,30.40033257,4,6,7,1,1,1,0,7.8,5.5,4.9,7.1,6.0,0
51.08829569,1,0,28.0,15,6,4,0,0,1,1,4.6,6.9,4.9,4.0,6.0,1
128.0657084,0,0,43.0,14,6,4,0,1,1,0,4.6,7.6,4.9,5.6,6.0,0
28.35318275,1,1,26.0,4,3,6,1,0,1,0,8.6,5.5,4.1,7.1,6.7,0
4.533880903,1,0,31.0,10,11,0,1,0,0,0,5.4,5.5,7.2,4.8,1.3,0
17.93839836,1,1,24.0,10,6,2,0,0,0,0,4.6,7.6,6.4,4.8,6.7,0
23.45790554,1,0,27.0,3,6,4,1,0,1,0,3.8,9.8,4.1,4.0,9.0,0
16.22997947,1,1,35.0,10,6,4,1,1,1,1,6.2,5.5,5.7,4.0,2.9,1
16.22997947,1,1,35.0,10,6,4,1,1,1,1,7.0,4.8,2.6,5.6,6.0,1
71.2936345,1,0,31.0,8,6,7,0,0,1,1,5.4,4.1,6.4,4.8,4.4,1
9.527720739,1,1,23.0,5,6,2,1,0,1,0,7.0,4.1,6.4,4.8,5.2,0
17.01848049,1,0,40.0,2,11,1,0,0,1,1,5.4,4.1,4.9,6.3,7.5,1
130.9897331,1,0,31.0,5,6,0,1,1,1,0,5.4,6.9,3.3,4.0,8.3,0
37.09240246,1,0,37.0,13,6,7,2,0,1,0,6.2,6.2,6.4,5.6,5.2,0
0.427104723,1,0,24.0,5,6,7,2,0,1,0,8.6,4.1,4.9,3.3,6.0,0
12.8788501,1,0,23.0,3,6,2,1,0,0,0,5.4,8.4,4.1,4.8,6.0,0
12.8788501,1,0,23.0,3,6,2,1,0,0,0,7.8,5.5,4.1,4.8,5.2,0
8.147843943,1,0,46.0,9,6,4,1,1,1,1,4.6,7.6,6.4,4.0,6.0,1
7.326488706,1,0,23.0,4,9,7,2,0,1,0,6.2,4.8,5.7,3.3,3.7,0
17.93839836,1,0,40.0,5,6,2,2,1,1,0,3.0,8.4,7.2,4.8,8.3,0
14.6201232,1,1,39.0,14,4,5,1,1,1,1,3.8,4.8,5.7,7.9,3.7,1
16.0,1,0,28.0,10,6,7,1,0,1,1,3.0,5.5,6.4,5.6,3.7,1
32.45995893,1,1,40.0,13,6,2,2,1,1,1,5.4,3.4,5.7,7.9,9.8,1
73.49486653,1,1,33.0,10,5,4,1,0,1,0,2.2,6.2,6.4,6.3,5.2,0
73.49486653,1,1,33.0,10,5,4,1,0,1,0,3.8,4.1,8.0,6.3,4.4,0
11.8275154,1,0,24.0,2,6,6,1,0,1,2,7.8,6.2,4.9,1.7,3.7,2
46.35728953,1,0,38.0,10,6,4,1,1,1,0,6.2,4.1,4.9,5.6,6.7,0
52.50102669,1,1,35.0,14,1,4,1,1,1,1,5.4,4.8,4.1,7.9,7.5,1
14.98151951,1,0,33.0,14,6,6,0,1,1,1,4.6,4.8,7.2,7.9,6.0,1
26.21765914,1,0,36.0,13,6,2,1,1,1,2,3.0,6.9,6.4,4.8,6.0,2
26.21765914,1,0,36.0,13,6,2,1,1,1,2,2.2,6.9,8.0,6.3,3.7,2
26.21765914,1,0,36.0,13,6,2,1,1,1,2,3.0,6.9,7.2,4.8,5.2,2
29.07597536,1,0,22.0,13,6,7,2,0,1,0,9.4,4.1,4.1,4.8,9.0,0
33.3798768,1,0,38.0,14,6,4,1,1,1,0,7.8,2.6,5.7,7.1,5.2,0
5.848049281,1,0,23.0,2,6,4,2,0,1,0,4.6,6.9,7.2,5.6,4.4,0
5.848049281,1,0,23.0,2,6,4,2,0,1,0,6.2,4.8,4.9,4.8,3.7,0
77.53593429,1,0,24.0,13,11,4,0,0,1,0,6.2,5.5,5.7,3.3,2.1,0
166.275154,1,1,26.0,10,11,5,1,1,1,1,3.0,5.5,5.7,7.1,6.7,1
107.1704312,1,0,33.0,13,13,1,1,1,1,0,5.4,1.0,9.5,9.4,5.2,0
19.44969199,1,0,40.0,2,6,2,2,0,0,0,6.2,3.4,8.0,3.3,3.7,0
8.640657084,1,0,23.0,14,14,0,1,0,1,1,3.8,4.1,8.7,4.0,2.9,1
13.66735113,1,0,27.0,10,6,7,1,1,1,1,8.6,4.8,7.2,4.0,3.7,1
6.275154004,1,0,24.0,8,11,2,0,0,1,0,5.4,6.2,4.1,6.3,9.8,0
23.19507187,1,0,30.0,2,6,4,1,0,1,1,5.4,7.6,2.6,5.6,6.0,1
16.32854209,1,0,37.0,7,13,2,1,0,1,1,4.6,7.6,5.7,5.6,8.3,1
26.11909651,1,0,31.0,14,6,4,1,1,0,0,3.0,7.6,4.9,5.6,5.2,0
35.38398357,1,0,31.0,10,6,0,1,1,1,0,3.8,10.0,3.3,3.3,6.7,0
25.98767967,1,0,23.0,5,6,7,0,0,1,0,1.4,2.6,9.5,8.7,2.1,0
3.58110883,1,0,40.0,2,6,2,1,0,1,0,7.8,5.5,2.6,6.3,8.3,0
3.58110883,1,0,40.0,2,6,2,1,0,1,0,8.6,5.5,3.3,6.3,7.5,0
3.58110883,1,0,40.0,2,6,2,1,0,1,0,7.0,6.9,4.1,5.6,7.5,0
1.708418891,1,0,37.0,13,9,7,1,0,1,0,4.6,2.6,8.7,4.0,2.9,0
25.23203285,1,0,30.0,10,11,7,1,0,1,0,4.6,2.6,7.2,6.3,5.2,0
13.8973306,1,0,38.0,11,12,6,1,0,1,2,3.0,9.1,4.1,4.8,6.0,2
63.11293634,1,1,32.0,6,8,4,1,0,1,0,3.0,4.8,4.1,7.1,7.5,0
11.30184805,1,0,34.0,3,9,6,1,1,0,1,9.4,3.4,4.9,3.3,6.0,1
11.69609856,1,0,25.0,14,6,7,0,0,0,1,3.0,4.8,7.2,7.9,5.2,1
11.69609856,1,0,25.0,14,6,7,0,0,0,1,3.0,5.5,5.7,7.1,5.2,1
30.22587269,0,1,33.0,10,6,2,0,0,1,1,4.6,6.2,8.0,7.1,5.2,1
30.22587269,0,1,33.0,10,6,2,0,0,1,1,5.4,7.6,5.7,7.1,6.0,1
38.01232033,0,1,33.0,10,6,4,0,1,1,1,3.0,4.1,8.0,7.1,3.7,1
21.61806982,1,1,37.0,14,14,4,1,1,0,0,3.8,4.8,4.9,7.1,6.7,0
39.06365503,1,0,31.0,14,6,4,0,0,1,0,6.2,4.8,4.1,4.8,5.2,0
138.9404517,0,0,30.0,9,1,6,0,1,1,2,5.4,6.9,2.6,5.6,8.3,2
23.6550308,1,1,26.0,14,4,6,0,1,1,0,4.6,5.5,8.7,5.6,1.3,0
20.56673511,1,1,33.0,2,13,7,1,1,1,1,6.2,4.1,3.3,8.7,9.8,1
94.12731006,0,0,25.0,10,6,7,1,1,0,1,6.2,3.4,6.4,6.3,7.5,1
2.102669405,0,0,32.0,13,9,4,0,1,1,2,5.4,5.5,3.3,7.9,8.3,2
96.65708419,0,0,36.0,10,6,0,1,1,1,1,6.2,6.2,5.7,4.0,5.2,1
34.49691992,0,0,38.0,3,6,6,1,1,1,1,1.4,4.8,5.7,6.3,6.7,1
46.78439425,1,0,23.0,10,9,1,0,0,1,1,3.0,6.2,8.7,4.8,6.0,1
80.16427105,1,0,26.0,11,14,6,1,0,1,2,4.6,5.5,8.0,4.8,5.2,2
11.89322382,1,0,24.0,2,6,4,1,0,1,2,7.8,6.2,4.9,1.7,3.7,2
79.86858316,1,0,25.0,10,6,2,1,1,1,0,7.8,6.9,3.3,3.3,5.2,0
2.201232033,1,0,33.0,2,6,4,1,0,1,1,5.4,6.2,7.2,2.5,5.2,1
16.82135524,0,0,32.0,7,11,4,1,0,1,0,5.4,7.6,8.7,2.5,2.9,0
6.045174538,0,0,44.0,2,6,0,1,0,1,1,4.6,4.8,8.7,4.8,6.0,1
1.741273101,1,0,24.0,4,3,7,1,0,0,0,6.2,4.8,8.0,4.0,2.9,0
24.18069815,1,0,23.0,14,6,7,0,0,1,0,6.2,3.4,6.4,4.8,3.7,0
38.01232033,0,0,25.0,14,6,7,1,0,1,0,6.2,3.4,6.4,4.8,3.7,0
5.749486653,1,0,34.0,13,6,2,1,1,1,1,8.6,5.5,1.0,6.3,9.8,1
12.02464066,1,1,30.0,10,11,4,1,1,0,1,5.4,4.1,4.9,6.3,6.0,1
8.31211499,1,0,29.0,11,12,1,1,0,1,2,9.4,5.5,3.3,3.3,5.2,2
15.21149897,1,0,30.0,6,6,7,0,0,1,1,4.6,6.9,7.2,3.3,6.7,1
93.9301848,0,0,29.0,5,6,4,1,0,1,0,4.6,7.6,7.2,2.5,4.4,0
27.56468172,0,0,26.0,0,6,7,0,0,1,1,3.0,6.9,7.2,4.8,5.2,1
49.14989733,1,0,28.0,10,6,4,0,1,1,0,7.8,6.9,4.1,3.3,7.5,0
86.6036961,1,0,33.0,0,6,7,0,1,1,0,3.8,8.4,8.0,4.0,4.4,0
86.6036961,1,0,33.0,0,6,7,0,1,1,0,4.6,9.1,4.9,3.3,2.9,0
53.35523614,1,0,27.0,10,6,4,1,1,1,2,7.0,5.5,4.9,6.3,8.3,2
139.0718686,1,0,32.0,11,12,4,1,0,1,0,7.8,4.8,4.1,3.3,7.5,0
28.35318275,1,0,31.0,2,6,2,1,0,0,0,7.0,6.2,1.0,9.4,7.5,0
23.12936345,0,0,23.0,10,6,7,2,0,1,0,6.2,4.8,7.2,4.0,6.7,0
15.14579055,1,1,22.0,8,13,5,1,1,1,0,6.2,2.6,7.2,5.6,6.7,0
160.0657084,1,0,24.0,12,6,6,1,1,1,0,1.0,6.9,9.5,4.8,7.5,0
19.71252567,1,0,23.0,10,11,2,0,0,1,0,7.0,4.8,4.1,5.6,6.7,0
16.82135524,0,0,32.0,10,6,4,1,0,1,0,3.0,4.1,7.2,7.1,8.3,0
15.86858316,0,1,42.0,14,1,7,1,1,1,1,1.4,4.1,9.5,7.1,5.2,1
70.30800821,1,1,22.0,8,9,4,1,1,1,0,5.4,4.1,8.7,4.0,2.1,0
2.792607803,1,1,39.0,2,1,7,1,0,1,0,7.8,4.8,1.8,8.7,8.3,0
13.01026694,1,1,34.0,13,6,2,1,1,0,0,3.8,2.6,8.0,9.4,6.0,0
88.90349076,0,0,30.0,11,6,7,1,1,1,0,4.6,2.6,7.2,7.1,6.7,0
123.0718686,1,0,28.0,10,9,4,1,0,1,1,3.0,8.4,3.3,7.9,8.3,1
59.99178645,0,0,31.0,10,1,6,1,1,1,1,4.6,4.8,8.0,4.8,6.7,1
59.99178645,0,0,31.0,10,1,6,1,1,1,1,6.2,6.9,7.2,4.8,5.2,1
26.67761807,1,0,32.0,13,6,7,2,0,1,0,3.0,8.4,7.2,6.3,7.5,0
18.00410678,0,0,40.0,14,6,7,1,1,1,0,3.0,6.9,4.9,5.6,6.0,0
16.59137577,1,0,22.0,5,14,7,2,0,1,0,8.6,6.2,2.6,5.6,9.8,0
2.759753593,1,0,41.0,2,6,4,1,1,1,0,3.8,8.4,2.6,4.8,7.5,0
23.68788501,1,0,24.0,14,6,4,0,0,0,0,3.0,4.8,7.2,7.9,5.2,0
23.68788501,1,0,24.0,14,6,4,0,0,0,0,3.0,5.5,5.7,7.1,5.2,0
16.42710472,1,0,26.0,13,4,2,1,1,1,0,6.2,5.5,3.3,6.3,8.3,0
45.96303901,1,0,36.0,9,14,4,1,1,1,0,5.4,5.5,7.2,4.8,4.4,0
12.02464066,1,1,30.0,10,11,4,1,1,0,1,5.4,4.1,4.9,6.3,6.0,1
73.65913758,1,0,30.0,10,6,7,2,0,1,0,4.6,4.8,5.7,8.7,6.0,0
2.759753593,0,0,31.0,5,6,7,1,1,1,0,7.0,3.4,8.0,7.9,6.0,0
26.94045175,1,0,24.0,7,6,2,1,0,1,0,5.4,4.8,4.9,4.8,5.2,0
2.431211499,1,0,28.0,5,6,7,1,0,1,0,6.2,3.4,4.9,7.9,7.5,0
68.27104723,1,0,24.0,13,10,6,1,0,1,2,7.0,4.1,2.6,7.9,7.5,2
68.27104723,1,0,24.0,13,10,6,1,0,1,2,7.8,6.2,2.6,5.6,6.7,2
1.642710472,1,0,44.0,13,6,7,1,1,1,0,4.6,7.6,5.7,2.5,6.0,0
76.15605749,0,0,24.0,10,6,4,2,1,1,1,7.0,6.2,1.8,6.3,7.5,1
12.35318275,1,1,39.0,10,14,2,1,1,1,1,6.2,3.4,6.4,6.3,7.5,1
58.21765914,0,0,35.0,12,1,6,0,0,1,0,8.6,5.5,3.3,4.8,6.7,0
32.49281314,1,0,40.0,10,6,0,1,1,1,1,6.2,6.2,5.7,4.8,7.5,1
6.275154004,1,0,30.40033257,10,9,7,2,0,1,0,7.8,6.2,4.9,4.0,8.3,0
5.026694045,1,0,26.0,2,6,7,1,0,0,0,4.6,6.2,5.7,4.0,6.0,0
5.026694045,1,0,26.0,2,6,7,1,0,0,0,4.6,5.5,6.4,5.6,5.2,0
22.66940452,0,0,31.0,13,6,2,1,0,1,0,5.4,5.5,4.9,5.6,6.7,0
27.36755647,0,0,26.0,5,6,2,2,0,1,0,9.4,6.2,2.6,4.0,6.0,0
27.36755647,0,0,26.0,5,6,2,2,0,1,0,6.2,7.6,4.1,3.3,6.7,0
150.1437372,1,0,33.0,7,6,2,1,0,1,1,5.4,3.4,5.7,7.1,5.2,1
53.2238193,0,0,23.0,4,6,2,2,0,1,2,8.6,5.5,2.6,4.8,7.5,2
5.9137577,0,0,32.0,10,6,4,1,0,1,0,3.8,6.2,8.0,4.0,6.7,0
53.97946612,1,1,28.0,13,7,7,1,1,1,0,7.8,6.9,2.6,6.3,7.5,0
73.82340862,0,0,26.0,10,13,7,1,1,1,1,10.0,5.5,2.6,6.3,6.7,1
27.49897331,1,0,27.0,13,6,0,1,0,1,0,3.8,1.9,9.5,7.1,2.1,0
44.48459959,0,1,22.0,5,7,4,0,1,1,2,4.6,2.6,6.4,9.4,6.0,2
54.01232033,1,1,37.0,5,7,4,1,1,1,0,10.0,3.4,3.3,6.3,10.0,0
8.574948665,1,1,38.0,1,6,2,1,0,1,0,4.6,4.1,4.1,8.7,8.3,0
64.29568789,1,1,44.0,10,11,7,1,1,0,0,2.2,5.5,8.7,7.1,6.7,0
27.23613963,0,0,27.0,13,13,2,1,1,1,0,7.0,6.9,5.7,3.3,6.7,0
23.9835729,1,0,23.0,1,3,6,2,1,1,0,4.6,6.9,7.2,3.3,2.1,0
23.9835729,1,0,23.0,1,3,6,2,1,1,0,4.6,6.9,7.2,2.5,2.9,0
23.9835729,1,0,23.0,1,3,6,0,1,1,0,4.6,6.9,7.2,3.3,2.1,0
23.9835729,1,0,23.0,1,3,6,0,1,1,0,4.6,6.9,7.2,2.5,2.9,0
37.78234086,1,0,34.0,3,6,7,0,0,1,0,4.6,2.6,5.7,7.9,7.5,0
17.80698152,0,1,23.0,12,4,2,1,1,0,0,3.8,9.1,8.7,4.8,5.2,0
95.44147844,0,0,25.0,10,6,7,1,1,0,0,6.2,3.4,6.4,6.3,7.5,0
27.59753593,0,0,26.0,10,6,5,1,0,1,0,4.6,6.2,5.7,6.3,4.4,0
27.59753593,0,0,26.0,10,6,5,1,0,1,0,3.8,4.1,8.7,7.9,5.2,0
72.41067762,0,0,30.0,10,13,7,1,0,0,0,6.2,2.6,6.4,5.6,6.0,0
2.98973306,1,1,45.0,12,1,3,0,1,1,0,3.0,8.4,7.2,7.1,6.0,0
11.53182752,0,0,31.0,15,3,3,1,1,1,0,5.4,6.2,6.4,4.0,3.7,0
11.53182752,0,0,31.0,15,3,3,1,1,1,0,3.8,3.4,8.0,6.3,6.0,0
23.52361396,1,0,36.0,14,13,2,0,0,1,2,4.6,4.1,4.9,5.6,3.7,2
23.52361396,1,0,36.0,14,13,2,0,0,1,2,6.2,4.8,5.7,4.0,2.9,2
40.04928131,0,0,29.0,8,2,7,1,1,0,1,5.4,6.2,4.1,5.6,8.3,1
54.04517454,1,0,30.0,12,6,7,2,0,1,2,5.4,4.1,4.9,8.7,7.5,2
20.92813142,1,0,23.0,14,4,7,2,1,1,0,3.0,6.9,5.7,7.9,5.2,0
20.92813142,1,0,23.0,14,4,7,2,1,1,0,4.6,6.9,7.2,4.8,5.2,0
11.99178645,1,0,27.0,10,6,4,2,0,1,0,6.2,6.9,3.3,4.8,6.7,0
44.97741273,1,1,29.0,4,6,2,1,1,1,1,3.0,4.8,4.9,6.3,7.5,1
14.22587269,1,0,28.0,11,14,4,1,0,1,0,7.0,6.9,6.4,2.5,5.2,0
58.94045175,0,1,46.0,4,6,1,1,0,1,0,3.0,6.2,8.0,5.6,3.7,0
61.73305955,1,1,23.0,11,8,6,0,1,1,1,4.6,6.9,7.2,3.3,2.1,1
61.73305955,1,1,23.0,11,8,6,0,1,1,1,4.6,6.9,7.2,2.5,2.9,1
140.9445585,0,0,26.0,3,6,4,1,1,1,2,3.8,1.9,8.7,6.3,4.4,2
140.9445585,0,0,26.0,3,6,4,1,1,1,2,5.4,2.6,8.0,7.1,5.2,2
6.176591376,1,0,38.0,15,6,7,1,1,0,0,6.2,6.2,8.0,2.5,3.7,0
6.176591376,1,0,38.0,15,6,7,1,1,0,0,4.6,6.2,8.0,4.0,3.7,0
94.9486653,1,1,26.0,10,7,3,1,1,1,0,3.8,7.6,7.2,7.9,4.4,0
70.17659138,0,0,31.0,10,6,7,0,0,1,0,4.6,5.5,7.2,3.3,2.9,0
70.17659138,0,0,31.0,10,6,7,0,0,1,0,4.6,5.5,7.2,4.8,3.7,0
57.23203285,1,0,36.0,3,6,0,1,0,1,0,3.8,5.5,6.4,5.6,6.0,0
45.73305955,0,0,33.0,8,6,2,0,0,1,1,7.8,6.2,6.4,7.9,6.0,1
45.73305955,0,0,33.0,8,6,2,0,0,1,1,3.8,3.4,5.7,8.7,7.5,1
29.01026694,1,0,28.0,3,1,6,1,1,1,2,9.4,3.4,4.9,3.3,6.0,2
11.99178645,1,0,27.0,10,6,6,2,0,1,0,6.2,6.9,3.3,4.8,6.7,0
27.36755647,0,0,26.0,2,7,7,0,1,0,1,6.2,5.5,4.9,5.6,6.7,1
105.9219713,0,0,28.0,10,6,7,1,1,1,0,5.4,3.4,7.2,6.3,3.7,0
3.449691992,1,0,40.0,10,6,7,1,1,0,1,6.2,5.5,4.9,4.8,7.5,1
4.533880903,1,1,23.0,13,9,3,0,1,1,0,1.4,9.8,6.4,3.3,6.0,0
35.77823409,1,0,22.0,5,7,2,0,1,0,0,7.0,4.1,5.7,5.6,8.3,0
40.31211499,0,0,29.0,14,6,4,0,1,1,2,6.2,3.4,4.1,7.9,7.5,2
40.31211499,0,0,29.0,14,6,4,0,1,1,2,6.2,3.4,4.1,7.9,7.5,2
2.201232033,1,1,23.0,11,13,4,0,1,1,0,6.2,2.6,7.2,6.3,7.5,0
40.3449692,0,0,29.0,14,6,4,0,1,1,2,6.2,3.4,4.1,7.9,7.5,2
40.37782341,0,0,29.0,14,6,4,0,1,1,2,6.2,3.4,4.1,7.9,7.5,2
11.23613963,1,1,26.0,5,7,2,1,1,1,0,3.8,4.8,6.4,8.7,6.0,0
85.09240246,0,0,26.0,15,6,7,2,0,1,0,7.8,4.8,6.4,4.8,6.0,0
9.823408624,1,1,26.0,3,4,2,0,1,1,0,4.6,5.5,5.7,8.7,6.0,0
64.19712526,0,1,19.0,5,7,7,1,1,1,0,4.6,6.2,7.2,5.6,6.0,0
14.45585216,0,0,33.0,10,6,7,1,1,0,0,6.2,4.8,6.4,2.5,4.4,0
21.15811088,1,0,24.0,4,3,4,0,0,1,0,6.2,4.8,8.0,4.0,2.9,0
28.78028747,0,0,31.0,10,0,7,1,0,1,0,7.0,2.6,7.2,4.8,4.4,0
155.1704312,1,0,33.0,7,6,2,1,0,1,1,5.4,3.4,5.7,7.1,5.2,1
13.86447639,1,0,22.0,5,6,4,1,1,1,0,7.0,2.6,7.2,6.3,6.0,0
13.01026694,1,0,25.0,2,6,2,0,1,1,0,9.4,6.2,3.3,2.5,6.7,0
2.759753593,0,0,28.0,1,6,3,1,1,1,0,6.2,5.5,3.3,6.3,8.3,0
2.825462012,0,0,32.0,12,6,7,1,0,1,0,7.0,5.5,3.3,7.1,6.7,0
4.008213552,1,0,22.0,15,6,7,1,1,1,0,2.2,8.4,4.9,7.1,6.7,0
10.34907598,1,0,37.0,4,5,2,1,1,1,0,7.0,7.6,2.6,5.6,8.3,0
34.03696099,1,0,27.0,10,6,2,1,0,0,1,7.8,4.8,3.3,5.6,6.7,1
34.03696099,1,0,27.0,10,6,2,1,0,0,1,10.0,4.1,1.8,6.3,8.3,1
11.95893224,1,0,35.0,12,6,2,0,0,1,2,6.2,4.1,6.4,5.6,6.7,2
164.5667351,0,0,27.0,12,9,1,1,0,1,1,3.8,4.8,4.9,6.3,5.2,1
32.95277207,1,1,24.0,4,6,2,1,0,1,2,2.2,4.1,6.4,9.4,6.0,2
5.32238193,1,0,25.0,2,6,7,0,0,0,0,5.4,3.4,8.0,6.3,2.1,0
40.3449692,1,0,23.0,2,7,7,0,1,1,0,5.4,6.2,3.3,4.0,6.0,0
34.23408624,0,0,24.0,5,6,2,0,0,1,0,8.6,6.9,4.9,1.7,4.4,0
96.0,1,1,31.0,10,7,7,1,1,1,0,4.6,2.6,6.4,10.0,4.4,0
7.030800821,1,1,35.0,10,11,7,1,1,1,2,5.4,6.2,4.9,4.0,2.9,2
26.94045175,1,0,21.0,11,10,2,1,0,1,0,3.0,5.5,7.2,5.6,2.1,0
115.5482546,0,0,19.0,10,6,4,2,0,1,0,7.0,6.2,5.7,2.5,5.2,0
28.58316222,1,0,21.0,4,6,2,2,0,1,0,7.0,9.1,1.8,4.8,6.0,0
26.31622177,1,0,24.0,3,13,3,1,1,0,0,5.4,4.1,2.6,7.9,6.0,0
29.27310062,0,0,35.0,7,6,0,0,0,1,0,5.4,4.8,5.7,4.0,3.7,0
57.82340862,1,1,25.0,10,11,7,0,1,1,1,7.0,5.5,4.1,6.3,8.3,1
133.9137577,1,1,19.0,14,0,3,1,0,1,1,6.2,3.4,5.7,7.1,6.7,1
133.9137577,1,1,19.0,14,0,3,1,0,1,1,4.6,6.9,5.7,7.1,5.2,1
39.72073922,0,0,30.40033257,2,6,3,0,0,1,0,6.2,6.2,4.1,2.5,5.2,0
38.01232033,0,0,35.0,14,6,7,1,1,1,0,7.8,1.9,3.3,4.0,6.7,0
27.40041068,0,0,43.0,11,8,4,1,1,1,1,4.6,5.5,6.4,4.0,5.2,1
25.42915811,1,0,22.0,4,6,2,2,1,1,0,6.2,4.8,3.3,7.1,9.0,0
32.52566735,1,0,48.0,3,6,4,1,1,1,0,6.2,6.2,6.4,3.3,6.7,0
23.2936345,0,0,29.0,5,7,2,2,1,1,1,9.4,6.2,4.1,4.8,7.5,1
23.2936345,0,0,29.0,5,7,2,2,1,1,1,7.0,6.2,5.7,4.8,5.2,1
49.28131417,0,0,33.0,8,6,2,0,0,1,1,7.8,6.2,6.4,7.9,6.0,1
49.28131417,0,0,33.0,8,6,2,0,0,1,1,3.8,3.4,5.7,8.7,7.5,1
18.1026694,1,0,44.0,10,6,4,1,1,0,0,3.0,6.9,4.1,7.9,5.2,0
8.180698152,1,0,24.0,5,6,2,0,1,1,2,7.0,5.5,4.9,4.8,2.9,2
42.48049281,1,0,42.0,4,6,3,1,1,1,0,3.0,6.9,6.4,5.6,6.0,0
42.48049281,1,0,42.0,4,6,3,1,1,1,0,7.0,6.2,5.7,4.8,4.4,0
129.8069815,1,0,22.0,11,12,5,0,0,0,0,3.0,4.8,5.7,4.8,3.7,0
8.016427105,1,1,41.0,5,7,4,1,1,1,0,3.8,4.1,5.7,5.6,4.4,0
9.100616016,1,0,26.0,11,6,6,1,1,1,1,5.4,6.2,7.2,4.8,6.7,1
26.15195072,1,1,31.0,3,4,7,1,1,1,0,5.4,4.1,8.7,6.3,4.4,0
66.49691992,1,0,38.0,3,6,7,1,1,1,0,7.0,4.1,4.9,5.6,6.7,0
10.02053388,0,1,38.0,1,6,7,1,0,1,1,7.8,2.6,4.1,7.9,6.7,1
6.53798768,1,0,26.0,4,6,7,1,0,0,0,7.0,6.2,4.1,4.8,8.3,0
0.492813142,0,0,29.0,10,6,2,0,0,0,0,4.6,5.5,1.8,7.1,6.7,0
0.492813142,0,0,29.0,10,6,2,0,0,0,0,4.6,1.0,5.7,8.7,2.9,0
0.492813142,0,0,29.0,10,6,2,0,0,0,0,5.4,4.8,8.0,9.4,2.9,0
2.858316222,1,0,38.0,3,6,0,1,1,1,1,5.4,5.5,4.9,4.8,4.4,1
2.858316222,1,0,38.0,3,6,0,1,1,1,1,6.2,6.2,4.9,3.3,2.9,1
48.45995893,0,1,35.0,5,7,3,1,1,1,0,7.0,5.5,2.6,5.6,9.0,0
15.14579055,0,0,39.0,13,14,0,1,0,1,0,3.8,7.6,4.9,7.1,9.0,0
133.8809035,1,1,19.0,14,0,4,1,0,1,1,6.2,3.4,5.7,7.1,6.7,1
133.8809035,1,1,19.0,14,0,4,1,0,1,1,4.6,6.9,5.7,7.1,5.2,1
32.88706366,0,0,26.0,5,6,2,0,0,1,0,9.4,6.2,2.6,4.0,6.0,0
32.88706366,0,0,26.0,5,6,2,0,0,1,0,6.2,7.6,4.1,3.3,6.7,0
63.14579055,1,1,32.0,6,8,3,1,0,1,0,3.0,4.8,4.1,7.1,7.5,0
8.969199179,1,0,26.0,11,6,2,2,1,1,1,5.4,6.2,7.2,4.8,6.7,1
36.59958932,0,1,33.0,10,6,2,1,0,1,1,4.6,6.2,8.0,7.1,5.2,1
36.59958932,0,1,33.0,10,6,2,1,0,1,1,5.4,7.6,5.7,7.1,6.0,1
11.76180698,0,0,39.0,15,6,2,1,0,1,0,4.6,4.1,4.9,5.6,3.7,0
11.76180698,0,0,39.0,15,6,2,1,0,1,0,6.2,4.8,5.7,4.0,2.9,0
28.81314168,0,0,23.0,10,6,2,1,1,1,0,7.0,4.1,8.0,4.8,4.4,0
18.56262834,0,0,24.0,14,6,7,1,0,1,0,3.8,7.6,8.0,4.8,2.9,0
1.80698152,0,0,26.0,2,11,1,1,0,1,2,5.4,7.6,4.1,4.8,7.5,2
1.80698152,0,0,26.0,2,11,1,1,0,1,2,5.4,7.6,4.1,5.6,9.0,2
17.08418891,0,0,34.0,2,6,7,1,0,1,0,1.4,6.9,8.0,4.0,5.2,0
1.938398357,0,0,26.0,2,11,1,1,0,1,2,5.4,7.6,4.1,4.8,7.5,2
1.938398357,0,0,26.0,2,11,1,1,0,1,2,5.4,7.6,4.1,5.6,9.0,2
50.69404517,0,1,32.0,11,13,7,1,0,1,1,3.8,3.4,7.2,10.0,5.2,1
41.65913758,0,0,29.0,10,6,2,0,0,1,0,6.2,6.9,8.7,3.3,2.9,0
103.5893224,0,0,21.0,10,6,2,1,0,0,0,2.2,4.8,8.7,7.9,5.2,0
103.5893224,0,0,21.0,10,6,2,1,0,0,0,3.8,3.4,8.7,7.1,3.7,0
2.135523614,0,0,26.0,2,11,1,1,0,1,2,5.4,7.6,4.1,4.8,7.5,2
2.135523614,0,0,26.0,2,11,1,1,0,1,2,5.4,7.6,4.1,5.6,9.0,2
2.168377823,0,0,26.0,2,11,1,1,0,1,2,5.4,7.6,4.1,4.8,7.5,2
2.168377823,0,0,26.0,2,11,1,1,0,1,2,5.4,7.6,4.1,5.6,9.0,2
13.14168378,1,1,42.0,13,9,2,1,0,0,0,2.2,6.9,3.3,6.3,3.7,0
2.431211499,0,0,35.0,12,6,2,1,0,0,0,7.0,3.4,3.3,6.3,7.5,0
49.34702259,1,1,42.0,4,3,7,0,1,1,0,5.4,8.4,6.4,5.6,5.2,0
79.11293634,0,1,28.0,5,6,7,1,1,1,0,2.2,5.5,7.2,4.8,3.7,0
35.84394251,0,0,27.0,8,6,7,1,1,1,2,3.0,2.6,6.4,7.1,7.5,2
35.84394251,0,0,27.0,8,6,7,1,1,1,2,3.0,5.5,4.1,7.1,8.3,2
12.81314168,1,1,33.0,3,11,0,1,1,0,1,7.8,3.4,7.2,4.0,5.2,1
2.234086242,0,0,26.0,2,11,1,1,0,1,2,5.4,7.6,4.1,4.8,7.5,2
2.234086242,0,0,26.0,2,11,1,1,0,1,2,5.4,7.6,4.1,5.6,9.0,2
17.11704312,0,0,31.0,15,14,3,0,1,1,0,5.4,6.2,6.4,4.0,3.7,0
17.11704312,0,0,31.0,15,14,3,0,1,1,0,3.8,3.4,8.0,6.3,6.0,0
23.95071869,1,0,32.0,14,6,5,0,0,1,1,4.6,6.9,4.9,5.6,6.0,1
11.86036961,0,0,25.0,10,6,7,1,1,1,1,7.8,4.8,5.7,4.8,5.2,1
5.848049281,0,0,33.0,14,6,0,1,1,1,0,5.4,9.1,4.1,2.5,6.0,0
24.0164271,1,0,28.0,15,6,2,1,1,1,0,3.8,4.8,9.5,4.8,2.1,0
43.99178645,1,1,26.0,13,4,3,1,1,1,0,7.8,6.9,4.1,6.3,7.5,0
20.69815195,1,0,40.0,3,6,4,0,1,1,1,2.2,8.4,6.4,4.8,6.7,1
29.8973306,0,0,26.0,5,6,3,0,1,1,0,4.6,6.9,8.0,4.0,4.4,0
31.14579055,0,1,21.0,10,11,4,2,1,1,0,7.8,4.1,2.6,5.6,8.3,0
1.347022587,0,0,27.0,10,6,7,0,1,1,0,7.0,4.8,6.4,4.8,7.5,0
23.9835729,1,0,29.0,6,6,4,1,1,1,0,4.6,5.5,5.7,4.8,7.5,0
32.45995893,0,0,25.0,10,9,7,2,0,1,0,8.6,5.5,3.3,5.6,9.8,0
64.29568789,1,1,44.0,10,2,7,1,1,1,0,3.0,2.6,10.0,9.4,4.4,0
21.35523614,1,1,31.0,9,9,7,0,0,0,1,7.8,4.1,4.1,7.9,7.5,1
11.69609856,1,0,36.0,12,6,7,1,0,1,1,7.0,4.1,6.4,5.6,8.3,1
54.07802875,1,0,30.0,11,6,3,2,0,1,2,5.4,4.1,4.9,8.7,7.5,2
42.0862423,0,0,31.0,11,6,4,1,0,1,0,1.4,7.6,7.2,4.0,2.9,0
27.40041068,0,0,22.0,4,6,7,0,0,1,0,6.2,5.5,2.6,5.6,8.3,0
1.117043121,1,0,54.0,7,6,4,1,1,1,1,4.6,8.4,5.7,4.0,4.4,1
1.117043121,1,0,54.0,7,6,4,1,1,1,1,4.6,8.4,5.7,4.0,4.4,1
42.38193018,1,0,36.0,14,6,7,0,0,1,0,6.2,4.8,5.7,8.7,7.5,0
5.782340862,1,0,32.0,10,6,3,1,0,0,1,6.2,6.2,1.8,5.6,9.0,1
43.30184805,0,0,33.0,2,6,2,1,0,1,0,7.0,6.2,1.0,9.4,7.5,0
53.09240246,0,0,23.0,10,13,5,0,1,1,0,6.2,6.9,4.9,2.5,2.9,0
17.60985626,1,0,41.0,2,6,2,1,1,1,0,7.8,5.5,2.6,6.3,8.3,0
17.60985626,1,0,41.0,2,6,2,1,1,1,0,8.6,5.5,3.3,6.3,7.5,0
17.60985626,1,0,41.0,2,6,2,1,1,1,0,7.0,6.9,4.1,5.6,7.5,0
26.0862423,1,0,30.0,2,6,7,1,0,1,0,8.6,6.9,2.6,4.0,7.5,0
16.65708419,0,0,26.0,14,6,2,1,1,1,0,8.6,5.5,4.1,4.0,3.7,0
70.83367556,1,0,23.0,2,6,4,2,0,1,1,6.2,9.1,4.1,3.3,6.7,1
70.83367556,1,0,23.0,2,6,4,2,0,1,1,7.0,7.6,3.3,3.3,6.7,1
99.77823409,0,0,42.0,13,6,7,1,0,1,2,5.4,4.8,6.4,6.3,4.4,2
42.94045175,1,0,25.0,11,14,3,1,1,1,0,4.6,6.2,6.4,4.0,4.4,0
19.58110883,1,0,23.0,12,6,2,1,0,1,0,3.8,4.8,7.2,5.6,4.4,0
96.0,1,0,22.0,13,11,5,0,1,1,2,7.0,1.9,6.4,6.3,4.4,2
44.22176591,0,0,29.0,10,6,2,0,0,1,0,6.2,6.9,8.7,3.3,2.9,0
104.0164271,0,0,37.0,10,6,3,1,1,1,0,5.4,4.8,6.4,7.1,4.4,0
67.84394251,1,1,24.0,3,6,3,2,1,1,1,5.4,5.5,5.7,8.7,5.2,1
0.919917864,1,1,26.0,13,6,7,2,0,1,0,6.2,5.5,6.4,4.0,3.7,0
48.45995893,1,0,34.0,14,14,0,1,0,1,1,7.0,2.6,7.2,4.8,5.2,1
15.73716632,1,0,27.0,1,9,2,2,1,1,0,7.0,6.9,2.6,4.0,5.2,0
16.06570842,0,0,28.0,10,6,7,0,0,0,0,4.6,5.5,1.8,7.1,6.7,0
16.06570842,0,0,28.0,10,6,7,0,0,0,0,4.6,1.0,5.7,8.7,2.9,0
16.06570842,0,0,28.0,10,6,7,0,0,0,0,5.4,4.8,8.0,9.4,2.9,0
37.38809035,0,0,20.0,13,6,0,1,0,1,0,7.8,7.6,4.1,4.0,5.2,0
44.02464066,1,1,26.0,11,7,2,0,1,1,0,4.6,3.4,6.4,7.1,6.0,0
12.78028747,1,0,27.0,5,6,7,0,1,1,0,6.2,6.2,4.9,5.6,6.0,0
106.8418891,1,0,22.0,12,6,6,1,0,1,1,7.0,3.4,4.1,6.3,8.3,1
50.20123203,0,0,31.0,14,6,0,0,1,1,1,8.6,4.8,4.1,2.5,4.4,1
6.143737166,1,0,31.0,14,6,7,0,1,0,1,5.4,5.5,6.4,6.3,6.7,1
45.8973306,1,0,31.0,13,6,2,1,1,1,1,5.4,8.4,2.6,5.6,7.5,1
80.65708419,1,0,37.0,3,6,3,1,1,1,1,2.2,7.6,8.0,4.0,2.1,1
49.31416838,1,1,42.0,5,3,7,0,1,1,0,5.4,8.4,6.4,5.6,5.2,0
20.04106776,1,0,22.0,10,6,2,1,0,1,0,5.4,4.8,4.9,7.1,6.7,0
20.04106776,1,0,22.0,10,6,2,1,0,1,0,4.6,1.9,8.0,6.3,6.0,0
4.435318275,1,1,40.0,1,11,2,1,1,1,0,4.6,4.1,7.2,10.0,5.2,0
24.21355236,0,0,23.0,15,6,2,2,1,1,0,5.4,5.5,8.0,2.5,4.4,0
3.58110883,1,0,34.0,10,1,4,1,0,1,0,3.0,7.6,4.9,5.6,5.2,0
83.58110883,0,1,33.0,11,11,4,1,1,1,1,7.0,6.2,4.1,6.3,9.0,1
18.49691992,1,0,46.0,3,6,3,1,1,1,1,3.8,5.5,4.9,5.6,5.2,1
73.13347023,0,0,22.0,10,6,2,2,0,1,0,3.8,6.2,5.7,7.9,9.0,0
76.68172485,0,0,25.0,6,5,4,1,0,1,1,6.2,6.2,6.4,5.6,3.7,1
82.82546201,1,0,23.0,2,6,4,2,0,1,1,6.2,9.1,4.1,3.3,6.7,1
82.82546201,1,0,23.0,2,6,4,2,0,1,1,7.0,7.6,3.3,3.3,6.7,1
28.84599589,1,1,31.0,10,11,2,0,1,0,0,6.2,6.9,6.4,3.3,6.7,0
5.289527721,0,0,25.0,11,6,7,1,0,1,0,9.4,4.8,3.3,7.1,9.0,0
149.6180698,0,0,30.0,9,1,6,0,1,1,1,5.4,6.9,2.6,5.6,8.3,1
109.2402464,0,0,22.0,11,6,1,0,0,1,2,5.4,5.5,7.2,4.0,2.9,2
35.74537988,1,0,35.0,10,6,2,1,1,1,0,5.4,7.6,4.9,4.0,6.0,0
50.98973306,1,0,24.0,4,6,2,0,0,1,0,7.8,5.5,3.3,7.9,8.3,0
109.1088296,0,0,29.0,10,6,1,1,1,1,1,4.6,3.4,9.5,4.8,2.1,1
10.51334702,0,1,36.0,14,4,3,0,1,1,0,7.8,2.6,4.1,8.7,6.7,0
129.2813142,0,1,33.0,14,4,5,0,1,1,0,5.4,8.4,4.1,4.8,6.7,0
34.59548255,0,0,34.0,10,6,2,1,0,1,1,8.6,5.5,4.1,5.6,6.7,1
34.59548255,0,0,34.0,10,6,2,1,0,1,1,8.6,3.4,4.1,7.1,6.0,1
34.59548255,0,0,34.0,10,6,2,1,0,1,1,7.8,4.1,4.1,7.1,6.7,1
51.1211499,0,0,28.0,10,6,7,1,0,1,1,5.4,5.5,6.4,2.5,4.4,1
15.11293634,0,0,45.0,11,6,4,1,0,1,0,6.2,6.2,3.3,6.3,8.3,0
15.11293634,0,0,45.0,11,6,4,1,0,1,0,4.6,4.8,4.1,7.9,9.0,0
9.790554415,1,0,41.0,10,6,2,1,1,1,0,3.0,6.9,6.4,4.8,6.0,0
9.790554415,1,0,41.0,10,6,2,1,1,1,0,2.2,6.9,8.0,6.3,3.7,0
9.790554415,1,0,41.0,10,6,2,1,1,1,0,3.0,6.9,7.2,4.8,5.2,0
3.121149897,1,0,41.0,4,6,7,1,0,1,0,1.4,4.8,8.7,5.6,2.1,0
3.121149897,1,0,41.0,4,6,7,1,0,1,0,3.0,8.4,8.0,3.3,2.1,0
38.17659138,0,1,33.0,10,6,2,0,0,1,0,2.2,7.6,6.4,4.8,7.5,0
30.02874743,1,0,22.0,2,6,7,2,0,1,0,6.2,4.8,4.9,4.8,6.7,0
5.092402464,0,0,29.0,10,6,2,0,0,0,0,4.6,5.5,1.8,7.1,6.7,0
5.092402464,0,0,29.0,10,6,2,0,0,0,0,4.6,1.0,5.7,8.7,2.9,0
5.092402464,0,0,29.0,10,6,2,0,0,0,0,5.4,4.8,8.0,9.4,2.9,0
34.0698152,1,0,34.0,14,9,6,1,1,0,1,9.4,3.4,4.9,3.3,6.0,1
40.60780287,0,1,33.0,10,6,2,1,0,1,1,4.6,6.2,8.0,7.1,5.2,1
40.60780287,0,1,33.0,10,6,2,1,0,1,1,5.4,7.6,5.7,7.1,6.0,1
10.51334702,0,0,28.0,1,6,3,1,0,1,0,6.2,5.5,3.3,6.3,8.3,0
33.93839836,1,0,27.0,10,6,3,0,0,1,0,5.4,3.4,3.3,8.7,8.3,0
33.93839836,1,0,27.0,10,6,3,0,0,1,0,6.2,6.2,7.2,3.3,3.7,0
10.7761807,1,0,35.0,15,2,2,1,0,1,1,7.8,5.5,1.8,5.6,8.3,1
59.86036961,1,0,27.0,10,6,7,0,1,1,0,6.2,6.9,4.1,5.6,6.0,0
24.83778234,1,0,42.0,15,6,7,1,1,1,0,5.4,4.8,4.1,4.8,6.0,0
33.87268994,0,0,22.0,10,14,7,1,0,1,0,6.2,9.1,4.9,3.3,2.9,0
53.58521561,0,0,40.0,9,6,7,1,0,1,2,3.8,8.4,8.0,4.0,4.4,2
53.58521561,0,0,40.0,9,6,7,1,0,1,2,4.6,9.1,4.9,3.3,2.9,2
1.971252567,0,1,31.0,2,7,5,1,1,0,1,6.2,4.1,2.6,8.7,8.3,1
0.788501027,0,0,43.0,13,6,7,1,1,1,0,3.0,6.2,8.0,7.1,4.4,0
57.62628337,0,0,23.0,13,11,2,0,0,1,0,5.4,6.2,9.5,5.6,5.2,0
23.45790554,0,0,29.0,10,6,7,0,1,1,0,7.8,5.5,5.7,4.0,5.2,0
23.45790554,0,0,29.0,10,6,7,0,1,1,0,6.2,6.2,5.7,6.3,2.9,0
23.45790554,0,0,29.0,10,6,7,0,1,1,0,7.0,6.2,5.7,4.0,3.7,0
46.9486653,0,0,22.0,11,6,4,0,0,1,1,4.6,9.1,6.4,5.6,6.0,1
15.40862423,1,0,44.0,11,6,4,0,0,0,1,3.8,6.2,5.7,5.6,6.7,1
39.2936345,0,1,21.0,5,7,3,0,1,1,2,3.8,5.5,5.7,7.9,3.7,2
47.6386037,0,1,40.0,5,11,4,1,1,1,1,1.4,6.9,9.5,6.3,1.3,1
3.811088296,1,0,32.0,13,9,7,1,1,1,0,3.8,6.2,6.4,4.0,6.0,0
66.7926078,0,1,31.0,2,13,3,1,1,1,0,4.6,7.6,4.1,4.0,6.0,0
13.8973306,1,0,23.0,13,6,3,0,0,1,0,4.6,8.4,6.4,2.5,2.1,0
108.550308,1,1,27.0,3,6,6,1,1,1,1,3.8,6.2,8.0,5.6,6.0,1
86.66940452,0,0,25.0,14,6,7,0,0,1,0,4.6,7.6,9.5,2.5,1.3,0
86.66940452,0,0,25.0,14,6,7,0,0,1,0,5.4,5.5,7.2,5.6,2.9,0
18.33264887,1,1,39.0,2,5,4,0,1,1,0,3.8,7.6,6.4,4.8,5.2,0
133.4209446,1,0,29.0,10,11,4,1,1,1,1,5.4,6.9,2.6,7.9,6.7,1
8.180698152,1,0,24.0,4,6,7,1,0,1,0,6.2,3.4,7.2,2.5,3.7,0
8.180698152,1,0,24.0,4,6,7,1,0,1,0,6.2,5.5,7.2,7.1,4.4,0
13.33880903,1,0,33.0,14,6,7,2,1,1,1,9.4,5.5,1.8,4.8,6.7,1
55.78644764,1,0,27.0,10,11,3,2,1,1,0,4.6,6.9,7.2,2.5,6.7,0
12.97741273,1,0,29.0,4,6,1,0,0,1,2,3.8,4.8,6.4,7.9,6.7,2
32.32854209,0,0,29.0,14,6,3,1,0,1,0,3.8,4.8,6.4,7.9,6.7,0
163.8110883,1,1,19.0,14,6,6,1,1,1,1,4.6,5.5,6.4,7.9,6.0,1
31.96714579,1,1,29.0,4,6,2,0,1,1,0,4.6,3.4,10.0,6.3,1.0,0
4.862422998,0,0,27.0,14,6,7,1,1,1,1,5.4,4.1,5.7,7.1,3.7,1
13.73305955,0,0,29.0,14,6,4,1,0,1,0,6.2,3.4,4.9,7.9,7.5,0
51.94250513,0,1,33.0,8,13,4,1,0,1,1,6.2,4.8,4.9,5.6,5.2,1
22.57084189,1,0,30.0,9,6,4,1,1,0,0,7.8,3.4,4.9,5.6,5.2,0
19.44969199,0,0,31.0,13,6,2,0,0,1,0,7.0,2.6,4.1,8.7,5.2,0
73.98767967,0,1,33.0,12,7,3,2,1,1,1,7.0,6.2,3.3,6.3,7.5,1
8.739219713,0,1,34.0,14,6,7,0,0,1,0,9.4,7.6,1.0,4.0,5.2,0
48.45995893,1,0,34.0,6,14,0,1,0,1,0,7.0,2.6,7.2,4.8,5.2,0
14.85010267,1,1,29.0,8,6,4,1,0,1,0,3.8,3.4,8.0,6.3,6.0,0
63.54004107,1,0,31.0,3,9,4,1,1,1,1,3.8,5.5,3.3,9.4,9.0,1
49.31416838,1,1,42.0,4,3,7,0,1,1,0,5.4,8.4,6.4,5.6,5.2,0
13.27310062,1,0,34.0,6,6,2,1,1,1,1,6.2,4.8,4.1,5.6,6.7,1
17.83983573,1,0,39.0,10,6,4,2,1,1,1,6.2,7.6,4.1,2.5,4.4,1
114.1355236,1,0,38.0,6,5,6,1,1,1,0,3.8,3.4,9.5,7.1,2.9,0
8.147843943,0,0,42.0,2,6,4,1,0,1,0,3.8,8.4,2.6,4.8,7.5,0
8.082135524,1,0,33.0,14,6,6,0,1,0,1,7.8,6.9,2.6,4.8,8.3,1
26.94045175,1,0,44.0,15,6,6,1,1,1,1,3.8,6.2,4.9,6.3,10.0,1
1.478439425,1,1,28.0,15,2,6,1,1,1,0,6.2,3.4,6.4,8.7,6.0,0
94.81724846,0,0,30.40033257,10,6,1,1,0,0,0,6.2,4.1,4.1,6.3,7.5,0
12.78028747,1,0,24.0,13,6,2,0,0,1,0,8.6,4.8,4.1,6.3,5.2,0
19.87679671,1,0,29.0,14,6,2,1,1,1,1,6.2,6.2,4.9,4.8,7.5,1
34.82546201,0,1,27.0,13,11,7,2,1,0,0,10.0,2.6,4.1,5.6,9.0,0
96.72279261,1,1,30.0,10,11,0,1,1,1,1,6.2,7.6,4.9,4.8,8.3,1
12.12320329,1,0,39.0,0,6,7,1,1,1,2,3.8,6.9,5.7,5.6,3.7,2
10.64476386,1,0,26.0,12,7,7,0,1,0,0,7.0,4.1,2.6,8.7,9.0,0
4.402464066,0,1,40.0,11,3,0,1,1,0,2,7.0,6.2,4.1,6.3,9.0,2
2.36550308,0,0,28.0,3,6,2,0,1,1,0,7.0,6.9,2.6,4.0,5.2,0
17.51129363,0,0,39.0,15,6,7,1,0,1,0,4.6,4.1,4.9,5.6,3.7,0
17.51129363,0,0,39.0,15,6,7,1,0,1,0,6.2,4.8,5.7,4.0,2.9,0
18.16837782,0,0,24.0,10,6,3,0,0,1,0,5.4,4.8,4.9,7.1,6.7,0
18.16837782,0,0,24.0,10,6,3,0,0,1,0,4.6,1.9,8.0,6.3,6.0,0
10.38193018,0,0,34.0,13,13,2,0,0,1,1,6.2,1.0,7.2,4.8,6.0,1
7.852156057,0,0,23.0,15,6,7,0,0,1,0,4.6,7.6,8.0,5.6,2.1,0
84.04106776,0,1,28.0,5,6,7,1,1,1,0,2.2,5.5,7.2,4.8,3.7,0
8.213552361,0,0,30.0,15,6,7,1,1,1,0,6.2,6.2,6.4,3.3,4.4,0
9.593429158,1,0,34.0,11,12,6,1,0,1,0,7.8,7.6,3.3,2.5,7.5,0
43.92607803,1,0,32.0,15,6,4,0,1,1,0,6.2,4.8,2.6,5.6,9.8,0
82.75975359,0,0,20.0,12,6,5,2,0,1,2,3.8,6.9,5.7,6.3,6.7,2
27.92607803,0,0,25.0,4,6,2,1,0,1,0,7.0,4.1,5.7,5.6,8.3,0
3.811088296,1,0,23.0,13,6,4,2,1,1,0,7.0,4.8,7.2,4.8,4.4,0
48.09856263,1,0,25.0,11,3,4,2,0,1,0,7.0,4.1,5.7,6.3,7.5,0
8.640657084,1,0,25.0,10,7,2,1,0,0,0,7.0,2.6,6.4,7.9,5.2,0
30.68583162,0,0,37.0,5,6,2,0,0,1,0,5.4,6.9,5.7,5.6,6.7,0
26.34907598,0,1,36.0,15,13,2,1,1,0,0,3.8,8.4,5.7,6.3,6.0,0
18.13552361,0,0,23.0,8,6,4,1,1,1,0,7.0,5.5,4.1,4.8,6.0,0
7.227926078,0,0,26.0,11,6,7,1,1,1,0,7.8,6.2,3.3,7.1,6.7,0
23.2936345,1,0,32.0,4,6,3,1,0,1,1,6.2,6.2,7.2,3.3,2.9,1
100.238193,0,0,23.0,10,6,4,1,1,1,1,5.4,5.5,5.7,4.8,9.8,1
36.00821355,0,0,45.0,15,6,5,1,0,1,1,4.6,4.8,4.9,8.7,5.2,1
19.18685832,1,0,25.0,4,6,2,0,0,0,0,7.0,4.8,5.7,4.8,5.2,0
43.95893224,0,0,38.0,10,6,3,1,1,1,0,7.8,7.6,2.6,5.6,7.5,0
90.15195072,0,0,20.0,12,6,6,0,0,1,0,9.4,6.9,2.6,3.3,7.5,0
22.24229979,1,0,34.0,10,6,2,1,1,1,1,7.8,4.1,2.6,4.8,4.4,1
33.57700205,0,0,24.0,5,6,2,1,1,1,0,6.2,6.2,4.9,3.3,4.4,0
5.94661191,0,0,38.0,10,1,7,1,1,1,1,7.0,4.8,4.1,7.1,9.0,1
19.74537988,0,0,33.0,7,6,4,1,1,1,0,5.4,6.9,4.1,4.8,6.0,0
26.02053388,1,1,25.0,10,7,6,1,1,1,1,2.2,7.6,5.7,7.9,6.0,1
25.36344969,0,0,32.0,14,6,0,1,1,1,1,6.2,6.9,5.7,4.8,8.3,1
41.69199179,1,0,36.0,14,11,0,1,1,0,1,8.6,4.8,1.8,7.1,8.3,1
23.55646817,1,0,32.0,13,6,7,0,0,1,0,5.4,6.9,7.2,7.9,6.7,0
80.49281314,1,0,25.0,4,6,7,0,0,1,0,6.2,6.2,5.7,3.3,6.7,0
22.01232033,0,1,37.0,14,13,7,1,1,1,0,3.0,8.4,5.7,5.6,6.7,0
42.38193018,1,0,26.0,4,1,2,0,1,1,0,9.4,6.9,3.3,3.3,6.0,0
33.41273101,0,1,32.0,10,6,7,1,1,1,0,4.6,2.6,6.4,8.7,6.0,0
64.52566735,0,0,25.0,13,6,0,0,1,1,2,7.8,4.1,6.4,4.0,3.7,2
3.482546201,1,0,37.0,5,6,2,2,0,1,0,6.2,6.9,5.7,6.3,5.2,0
88.83778234,1,0,25.0,15,6,6,0,0,1,1,4.6,6.9,4.9,4.0,6.0,1
110.4887064,0,0,25.0,7,6,3,0,0,1,0,10.0,1.9,2.6,7.1,9.8,0
14.06160164,0,0,56.0,10,6,2,1,1,1,0,4.6,6.2,4.9,5.6,6.7,0
11.99178645,1,1,24.0,11,12,4,1,0,1,0,6.2,4.1,5.7,5.6,3.7,0
101.5195072,0,0,32.0,5,6,4,1,0,1,0,4.6,7.6,4.1,4.8,6.0,0
179.449692,0,0,24.0,10,6,0,1,0,1,0,7.0,4.8,2.6,5.6,8.3,0
12.38603696,0,0,24.0,7,6,7,2,0,1,0,5.4,6.9,5.7,5.6,4.4,0
24.90349076,0,0,24.0,14,6,7,1,1,1,0,3.8,7.6,8.0,4.8,2.9,0
61.99589322,0,1,31.0,2,6,7,1,0,1,1,5.4,4.8,8.7,5.6,4.4,1
24.47638604,0,0,27.0,3,6,2,1,1,1,0,8.6,5.5,4.9,3.3,3.7,0
63.70431211,0,0,37.0,14,6,0,1,1,1,2,6.2,6.9,3.3,7.1,6.7,2
5.388090349,1,0,38.0,10,6,4,1,1,1,1,1.4,4.1,7.2,6.3,7.5,1
64.75564682,0,0,35.0,4,6,3,0,0,1,2,7.0,6.2,7.2,2.5,5.2,2
64.75564682,0,0,35.0,4,6,3,0,0,1,2,8.6,6.9,5.7,3.3,4.4,2
2.694045175,0,1,29.0,8,6,3,1,0,1,0,7.0,5.5,8.0,5.6,8.3,0
2.39835729,0,1,25.0,10,9,7,1,0,1,1,6.2,2.6,5.7,5.6,6.7,1
26.87474333,1,0,26.0,4,6,7,0,0,1,0,8.6,4.1,4.9,5.6,5.2,0
144.7556468,0,0,27.0,14,6,6,1,0,1,1,5.4,9.1,3.3,4.8,6.0,1
45.30595483,1,0,34.0,10,6,7,1,0,1,0,7.0,1.9,9.5,5.6,6.0,0
45.30595483,1,0,34.0,10,6,7,1,0,1,0,6.2,2.6,8.7,6.3,6.0,0
45.30595483,1,0,34.0,10,6,7,1,0,1,0,5.4,2.6,10.0,3.3,3.7,0
45.30595483,1,0,34.0,10,6,7,1,0,1,0,4.6,5.5,10.0,2.5,5.2,0
6.078028747,0,0,35.0,0,6,7,1,0,1,0,5.4,5.5,7.2,5.6,2.9,0
22.63655031,1,0,36.0,8,0,2,1,0,1,0,7.8,1.9,4.1,7.1,9.0,0
96.59137577,0,0,46.0,13,9,3,1,1,1,0,4.6,8.4,4.9,7.9,6.0,0
10.90759754,1,0,32.0,3,6,4,0,1,1,1,7.8,5.5,4.9,6.3,9.0,1
16.95277207,0,0,38.0,10,6,7,1,0,1,2,7.0,1.9,9.5,5.6,6.0,2
16.95277207,0,0,38.0,10,6,7,1,0,1,2,6.2,2.6,8.7,6.3,6.0,2
16.95277207,0,0,38.0,10,6,7,1,0,1,2,5.4,2.6,10.0,3.3,3.7,2
16.95277207,0,0,38.0,10,6,7,1,0,1,2,4.6,5.5,10.0,2.5,5.2,2
61.2073922,0,0,25.0,13,6,7,1,0,1,0,6.2,6.2,3.3,6.3,6.7,0
9.264887064,1,0,23.0,10,6,7,1,0,1,0,7.0,5.5,3.3,4.8,6.7,0
81.64271047,0,0,31.0,10,6,7,2,0,1,0,4.6,5.5,7.2,3.3,2.9,0
81.64271047,0,0,31.0,10,6,7,2,0,1,0,4.6,5.5,7.2,4.8,3.7,0
55.95071869,0,0,40.0,13,6,7,1,0,1,2,3.8,8.4,8.0,4.0,4.4,2
55.95071869,0,0,40.0,13,6,7,1,0,1,2,4.6,9.1,4.9,3.3,2.9,2
49.7412731,0,1,40.0,5,11,3,1,1,1,1,1.4,6.9,9.5,6.3,1.3,1
57.10061602,0,1,26.0,3,6,3,0,1,1,1,4.6,6.9,4.9,5.6,6.7,1
163.7782341,0,1,23.0,10,6,2,1,0,1,1,4.6,6.2,8.0,7.1,5.2,1
163.7782341,0,1,23.0,10,6,2,1,0,1,1,5.4,7.6,5.7,7.1,6.0,1
54.01232033,1,1,37.0,5,7,4,1,1,1,0,7.8,4.8,2.6,5.6,9.8,0
23.75359343,0,0,34.0,2,6,7,1,0,1,0,3.8,6.9,7.2,5.6,5.2,0
1.412731006,1,0,29.0,2,6,7,0,0,1,0,4.6,4.1,6.4,4.8,4.4,0
59.89322382,1,0,27.0,10,6,7,0,1,1,1,6.2,6.9,4.1,5.6,6.0,1
27.4661191,0,0,31.0,4,9,4,1,1,1,2,5.4,5.5,3.3,7.9,8.3,2
89.19917864,1,1,18.0,10,11,6,0,1,1,0,7.8,5.5,2.6,7.1,7.5,0
47.21149897,0,0,31.0,0,6,4,1,0,1,1,7.0,4.8,6.4,4.0,6.7,1
21.48665298,0,0,27.0,10,6,2,0,1,1,0,5.4,7.6,6.4,4.0,4.4,0
8.344969199,0,0,35.0,13,6,4,1,0,1,0,5.4,6.9,7.2,7.9,6.7,0
48.19712526,0,0,39.0,14,6,4,0,0,1,0,3.0,7.6,9.5,3.3,4.4,0
48.19712526,0,0,39.0,14,6,4,0,0,1,0,3.0,7.6,8.0,4.0,1.3,0
42.18480493,0,0,27.0,8,6,7,1,1,1,0,3.0,2.6,6.4,7.1,7.5,0
42.18480493,0,0,27.0,8,6,7,1,1,1,0,3.0,5.5,4.1,7.1,8.3,0
39.22792608,1,0,37.0,10,6,3,1,0,1,1,6.2,6.9,4.1,6.3,8.3,1
39.22792608,1,0,37.0,10,6,3,1,0,1,1,3.8,9.1,4.9,5.6,7.5,1
39.22792608,1,0,37.0,10,6,3,1,0,1,1,6.2,6.9,4.1,6.3,8.3,1
39.22792608,1,0,37.0,10,6,3,1,0,1,1,3.8,9.1,4.9,5.6,7.5,1
43.69609856,0,0,36.0,5,6,7,0,0,1,0,5.4,6.9,5.7,5.6,6.7,0
14.22587269,0,0,31.0,5,6,3,0,0,1,0,6.2,6.2,5.7,3.3,6.7,0
33.90554415,0,0,23.0,10,6,2,0,0,1,0,6.2,4.1,8.0,4.0,4.4,0
70.34086242,0,0,31.0,14,6,3,0,0,1,0,1.4,7.6,8.0,5.6,1.0,0
39.88501027,0,1,22.0,13,6,7,1,0,1,0,8.6,2.6,6.4,6.3,6.7,0
144.5913758,1,1,30.0,10,5,3,1,0,1,0,8.6,2.6,4.9,7.1,7.5,0
15.17864476,0,0,45.0,10,6,3,1,0,1,2,3.8,6.9,8.0,6.3,5.2,2
57.65913758,0,0,33.0,8,6,2,0,0,1,1,7.8,6.2,6.4,7.9,6.0,1
57.65913758,0,0,33.0,8,6,2,0,0,1,1,3.8,3.4,5.7,8.7,7.5,1
47.96714579,1,0,33.0,2,6,2,1,0,1,0,7.0,6.2,1.0,9.4,7.5,0
42.25051335,1,0,18.0,2,6,4,0,0,1,0,6.2,6.2,4.1,2.5,5.2,0
12.68172485,1,0,36.0,8,6,7,0,1,1,0,6.2,5.5,5.7,5.6,6.7,0
15.93429158,0,0,41.0,10,6,7,1,1,0,0,7.8,7.6,4.1,1.7,5.2,0
29.47022587,1,0,29.0,2,6,3,1,0,1,0,6.2,5.5,4.9,5.6,9.8,0
1.18275154,0,0,50.0,7,1,7,1,1,0,1,4.6,6.2,8.0,4.8,5.2,1
56.73921971,0,0,34.0,0,6,7,1,0,1,1,6.2,4.1,7.2,4.8,1.0,1
116.7310062,1,1,38.0,10,2,0,2,1,1,1,7.8,9.1,2.6,4.0,9.0,1
39.68788501,0,0,25.0,5,6,7,1,1,1,0,6.2,6.9,2.6,5.6,7.5,0
49.87268994,1,0,30.40033257,11,5,6,1,1,0,0,10.0,5.5,4.1,4.0,7.5,0
12.22176591,1,1,27.0,10,11,7,0,1,1,1,3.8,3.4,2.6,10.0,9.0,1
19.28542094,1,0,38.0,10,2,2,1,1,1,1,7.0,6.9,4.1,4.0,6.7,1
43.86036961,0,0,29.0,10,6,7,1,0,1,1,8.6,6.2,4.9,4.8,9.0,1
131.613963,0,0,26.0,12,7,7,0,1,1,1,3.0,6.9,4.9,6.3,6.0,1
13.9301848,0,0,27.0,14,6,2,1,0,1,0,7.0,4.8,6.4,4.8,4.4,0
18.92402464,0,1,43.0,4,7,6,1,1,1,2,6.2,4.1,5.7,7.1,8.3,2
81.83983573,1,1,34.0,10,2,0,1,1,1,1,3.8,3.4,7.2,8.7,7.5,1
16.75564682,0,0,31.0,13,6,4,1,0,0,0,8.6,4.8,2.6,7.9,6.7,0
20.69815195,0,0,27.0,14,6,3,1,1,1,0,7.8,4.8,1.8,6.3,6.0,0
51.31827515,0,0,28.0,14,6,7,0,0,1,1,7.0,4.8,5.7,2.5,4.4,1
6.242299795,0,0,21.0,4,6,3,2,0,0,0,7.0,6.2,4.1,4.8,6.7,0
7.030800821,1,0,39.0,11,6,3,1,0,1,1,7.0,4.1,2.6,7.9,7.5,1
7.030800821,1,0,39.0,11,6,3,1,0,1,1,7.8,6.2,2.6,5.6,6.7,1
2.266940452,1,0,39.0,11,12,4,1,1,0,0,2.2,6.9,8.7,6.3,5.2,0
26.54620123,1,0,27.0,10,11,6,0,1,1,0,8.6,7.6,1.0,5.6,10.0,0
79.01437372,1,1,29.0,10,7,6,2,1,1,1,1.4,4.1,10.0,4.8,1.3,1
0.525667351,0,0,49.0,12,6,3,1,1,1,1,5.4,2.6,4.1,6.3,6.7,1
140.2217659,0,1,27.0,10,1,6,1,1,1,1,3.8,6.2,4.1,7.9,5.2,1
26.57905544,1,0,28.0,2,6,7,1,0,1,2,3.8,9.1,6.4,4.8,6.7,2
25.52772074,1,0,27.0,4,11,4,0,1,0,0,7.0,4.8,4.9,5.6,6.7,0
5.125256674,0,1,23.0,4,6,2,0,1,1,0,4.6,6.2,4.9,6.3,8.3,0
40.11498973,0,1,41.0,5,7,3,1,1,1,1,1.4,6.9,9.5,6.3,1.3,1
32.32854209,0,1,49.0,8,7,3,1,1,0,1,3.0,3.4,8.7,5.6,3.7,1
1.708418891,0,1,30.0,5,7,3,0,1,1,0,6.2,4.8,7.2,4.8,3.7,0
50.29979466,0,0,21.0,2,6,7,0,0,0,0,4.6,6.9,7.2,7.1,1.3,0
70.50513347,1,0,24.0,14,6,6,1,0,1,0,7.8,5.5,7.2,5.6,3.7,0
14.58726899,1,0,34.0,10,6,7,0,1,1,1,3.8,4.8,6.4,7.9,6.7,1
37.15811088,1,1,38.0,10,6,4,1,0,1,0,7.0,3.4,5.7,8.7,5.2,0
27.33470226,0,0,32.0,13,11,2,1,1,1,0,7.8,5.5,2.6,4.0,7.5,0
32.85420945,1,0,58.0,10,0,7,1,1,1,0,5.4,4.8,6.4,4.8,6.0,0
5.453798768,0,1,29.0,8,6,3,1,0,1,0,7.0,5.5,8.0,5.6,8.3,0
79.54004107,0,1,23.0,5,7,7,0,1,1,1,4.6,5.5,8.7,4.8,4.4,1
12.64887064,0,0,36.0,5,6,5,2,1,1,0,4.6,6.9,4.9,5.6,6.0,0
20.30390144,0,0,45.0,11,6,4,1,0,0,0,6.2,6.2,3.3,6.3,8.3,0
20.30390144,0,0,45.0,11,6,4,1,0,0,0,4.6,4.8,4.1,7.9,9.0,0
10.48049281,1,0,28.0,4,6,7,0,1,1,0,7.0,4.1,3.3,4.8,6.7,0
11.03901437,1,0,37.0,6,6,4,1,1,1,0,4.6,4.8,8.0,5.6,8.3,0
128.1314168,0,0,32.0,3,6,0,1,1,1,0,7.8,6.9,4.1,3.3,7.5,0
5.585215606,0,1,37.0,5,7,4,0,1,1,0,6.2,6.9,4.1,4.0,8.3,0
61.07597536,0,1,29.0,5,7,4,1,1,1,0,1.0,5.5,10.0,7.1,2.9,0
110.0287474,0,0,25.0,10,6,7,0,1,1,1,6.2,3.4,6.4,6.3,7.5,1
52.27104723,0,1,27.0,10,7,0,1,1,1,0,3.8,6.2,4.1,9.4,6.7,0
5.650924025,0,0,42.0,5,7,0,1,1,1,2,1.4,7.6,8.7,4.8,5.2,2
22.66940452,1,1,32.0,5,7,2,1,1,1,1,1.4,7.6,9.5,6.3,5.2,1
6.275154004,0,1,28.0,2,7,4,2,1,1,0,2.2,7.6,5.7,5.6,2.9,0
10.61190965,0,1,40.0,11,5,4,1,0,1,1,4.6,7.6,5.7,6.3,7.5,1
23.81930185,1,1,22.0,3,3,3,2,1,1,0,7.0,4.8,2.6,7.1,6.7,0
50.89117043,1,1,34.0,5,7,6,1,0,1,1,3.8,3.4,5.7,7.9,6.7,1
38.53798768,0,1,40.0,5,7,2,1,1,1,1,3.8,6.2,8.7,6.3,4.4,1
16.62422998,0,1,24.0,5,7,2,2,1,1,0,5.4,4.8,6.4,5.6,3.7,0
28.02464066,0,1,34.0,5,7,6,1,1,1,2,6.2,1.2,7.2,6.3,9.0,2
31.50718686,0,1,29.0,5,7,7,1,1,1,0,3.8,2.6,6.4,7.9,8.3,0
5.158110883,0,1,40.0,4,7,3,1,1,1,2,3.8,4.1,7.2,8.7,6.7,2
4.928131417,0,0,23.0,5,6,4,2,1,1,0,5.4,4.8,5.7,7.1,6.7,0
12.68172485,1,0,36.0,8,6,7,0,1,1,0,6.2,5.5,5.7,5.6,6.7,0
40.87063655,1,1,35.0,5,7,6,2,1,1,1,6.2,7.6,4.1,6.3,6.7,1
36.59958932,0,1,24.0,5,7,2,2,1,1,1,5.4,1.9,6.4,9.4,6.0,1
103.7207392,0,0,34.0,10,0,4,1,0,1,1,4.6,3.4,8.0,5.6,5.2,1
9.199178645,1,1,44.0,5,4,2,1,1,1,0,7.0,7.6,6.4,6.3,6.0,0
16.78850103,0,0,29.0,2,6,3,0,0,1,0,3.8,7.6,8.0,6.3,4.4,0
34.29979466,0,1,34.0,14,6,6,0,0,1,0,7.8,4.8,7.2,6.3,7.5,0
16.85420945,0,1,28.0,5,7,2,0,1,1,0,4.6,4.8,5.7,6.3,4.4,0
16.62422998,0,0,23.0,10,6,7,1,0,1,0,3.0,4.8,6.4,5.6,3.7,0
42.61190965,0,0,37.0,15,6,7,1,1,1,0,4.6,6.2,8.0,4.8,6.0,0
16.65708419,0,1,29.0,6,6,2,1,0,1,2,2.2,7.6,6.4,9.4,6.0,2
16.65708419,0,1,29.0,6,6,2,1,0,1,2,2.2,5.5,7.2,7.1,6.7,2
82.7926078,0,1,23.0,10,11,2,0,1,1,0,6.2,2.6,8.7,4.8,5.2,0
1.839835729,0,0,32.0,10,6,7,1,0,1,0,4.6,4.1,6.4,5.6,6.0,0
73.42915811,0,0,29.0,10,2,3,0,1,1,2,4.6,4.8,7.2,6.3,2.9,2
0.394250513,1,1,36.0,5,7,2,1,1,1,2,3.8,7.6,2.6,7.9,4.4,2
123.6960986,0,0,32.0,14,6,3,1,1,0,1,3.8,9.1,4.9,4.8,6.0,1
12.97741273,1,0,26.0,4,6,2,0,1,0,0,7.8,6.9,4.1,4.0,4.4,0
7.819301848,0,0,30.0,10,6,6,1,1,1,1,5.4,3.4,3.3,8.7,8.3,1
7.819301848,0,0,30.0,10,6,6,1,1,1,1,6.2,6.2,7.2,3.3,3.7,1
155.3675565,0,0,30.0,9,11,6,0,1,1,2,5.4,6.9,2.6,5.6,8.3,2
15.70431211,0,0,24.0,6,6,1,2,0,1,0,5.4,4.1,6.4,6.3,2.1,0
19.31827515,0,1,28.0,5,7,6,1,1,1,0,4.6,4.8,7.2,6.3,5.2,0
20.99383984,0,0,26.0,4,6,2,1,1,1,0,10.0,4.1,1.0,7.1,7.5,0
2.792607803,0,0,41.0,14,6,3,1,0,1,0,7.0,4.8,3.3,5.6,7.5,0
37.12525667,1,0,38.0,14,6,0,0,1,1,1,3.0,3.4,7.2,5.6,5.2,1
18.16837782,1,0,24.0,4,6,7,1,0,1,0,5.4,6.9,7.2,2.5,4.4,0
11.66324435,0,0,37.0,12,6,7,1,0,1,2,7.0,4.1,6.4,5.6,8.3,2
5.092402464,0,0,47.0,14,6,5,1,0,1,1,5.4,7.6,4.9,4.8,6.7,1
22.70225873,0,0,26.0,10,6,4,0,0,1,1,5.4,5.5,4.9,7.9,6.7,1
3.778234086,0,0,46.0,14,6,3,1,0,1,0,3.0,4.1,6.4,5.6,5.2,0
3.449691992,0,0,30.0,5,6,2,1,1,1,0,6.2,7.6,3.3,6.3,7.5,0
11.03901437,1,0,37.0,10,6,4,1,1,1,1,7.0,6.2,3.3,5.6,9.0,1
9.034907598,0,0,30.0,5,6,6,0,1,1,0,5.4,3.4,3.3,8.7,8.3,0
9.034907598,0,0,30.0,5,6,6,0,1,1,0,6.2,6.2,7.2,3.3,3.7,0
24.83778234,0,0,34.0,5,6,3,1,1,1,0,5.4,4.1,3.3,7.9,7.5,0
5.519507187,0,0,23.0,10,6,7,0,0,1,0,4.6,6.9,5.7,4.8,9.0,0
32.26283368,1,0,35.0,14,6,7,1,1,1,1,5.4,4.1,4.1,7.1,7.5,1
52.66529774,1,0,42.0,14,6,2,1,1,1,0,7.8,5.5,8.7,4.8,6.0,0
4.041067762,0,0,41.0,14,6,3,1,1,1,0,3.0,3.4,7.2,5.6,5.2,0
30.78439425,0,0,41.0,1,6,2,1,1,1,1,7.8,2.6,4.1,6.3,4.4,1
4.960985626,0,0,42.0,5,6,7,0,1,1,0,7.8,5.5,2.6,6.3,8.3,0
4.960985626,0,0,42.0,5,6,7,0,1,1,0,8.6,5.5,3.3,6.3,7.5,0
4.960985626,0,0,42.0,5,6,7,0,1,1,0,7.0,6.9,4.1,5.6,7.5,0
39.26078029,1,0,37.0,10,6,3,1,0,1,1,6.2,6.9,4.1,6.3,8.3,1
39.26078029,1,0,37.0,10,6,3,1,0,1,1,3.8,9.1,4.9,5.6,7.5,1
38.70225873,0,0,33.0,10,6,6,0,1,1,1,5.4,4.1,6.4,5.6,6.7,1
2.036960986,1,0,48.0,8,6,2,1,0,1,0,6.2,4.8,5.7,8.7,7.5,0
105.1663244,0,0,34.0,10,0,4,1,0,1,1,4.6,3.4,8.0,5.6,5.2,1
7.162217659,0,0,23.0,4,13,7,0,1,1,2,4.6,7.6,4.9,5.6,5.2,2
13.10882957,1,0,21.0,8,6,7,0,0,0,0,3.8,6.9,8.7,4.0,6.7,0
8.410677618,0,1,24.0,5,7,2,1,1,1,0,3.8,4.1,4.1,8.7,6.0,0
3.876796715,0,0,21.0,5,6,1,1,1,1,0,7.0,4.8,4.1,5.6,8.3,0
12.25462012,0,0,38.0,4,6,7,0,0,1,0,2.2,8.4,7.2,3.3,5.2,0
37.9137577,0,0,34.0,12,6,7,2,0,1,0,3.0,6.2,8.7,5.6,7.5,0
32.88706366,0,0,27.0,7,6,4,0,1,1,0,3.0,5.5,10.0,6.3,4.4,0
3.58110883,0,0,32.0,10,11,7,1,1,1,1,7.0,4.1,8.7,3.3,1.0,1
43.8275154,1,0,27.0,13,6,7,0,0,1,0,5.4,6.2,5.7,5.6,6.7,0
22.37371663,1,0,31.0,5,7,7,0,1,1,0,5.4,5.5,7.2,4.8,5.2,0
4.073921971,1,0,26.0,10,11,6,0,0,0,0,5.4,7.6,2.6,4.8,9.0,0
12.32032854,0,1,28.0,5,7,3,1,1,1,2,2.2,5.5,8.7,5.6,6.0,2
17.18275154,1,0,24.0,10,6,7,0,0,1,0,6.2,4.8,7.2,4.0,6.7,0
49.80698152,0,1,34.0,14,6,0,1,1,1,1,5.4,4.1,8.0,7.1,8.3,1
49.80698152,0,1,34.0,14,6,0,1,1,1,1,3.0,5.5,7.2,7.9,6.0,1
85.48665298,0,0,22.0,10,2,6,1,0,1,0,7.0,5.5,6.4,4.8,2.9,0
30.35728953,0,0,30.0,15,6,2,1,1,1,0,3.8,3.4,7.2,7.9,2.9,0
78.32443532,0,0,27.0,4,3,1,1,1,1,0,6.2,3.4,5.7,4.8,8.3,0
24.24640657,0,0,30.0,11,6,4,0,0,1,0,5.4,9.8,3.3,5.6,6.7,0
24.08213552,1,0,42.0,15,6,2,1,1,1,0,5.4,4.8,4.1,4.8,6.0,0
0.689938398,0,0,24.0,6,6,7,1,0,1,0,4.6,7.6,7.2,2.5,3.7,0
9.429158111,0,1,36.0,8,6,4,1,1,1,0,7.0,4.8,4.1,4.0,4.4,0
15.01437372,0,0,30.0,5,6,3,1,1,1,1,9.4,4.1,3.3,5.6,7.5,1
59.40041068,0,0,24.0,10,6,7,2,0,1,0,8.6,4.1,4.9,7.9,5.2,0
91.99178645,1,0,39.0,2,6,6,1,1,1,1,5.4,9.1,3.3,2.5,8.3,1
11.8275154,0,1,35.0,11,6,2,1,0,1,0,3.8,4.8,7.2,5.6,6.7,0
19.1211499,0,1,39.0,10,7,3,0,0,1,1,7.8,3.4,3.3,7.1,6.7,1
20.89527721,0,1,27.0,4,6,7,0,1,1,0,3.0,4.8,6.4,7.1,7.5,0
81.24845996,0,0,27.0,6,6,7,1,1,1,0,3.0,5.5,7.2,4.8,6.7,0
23.03080082,0,0,24.0,10,6,3,0,0,1,0,5.4,4.8,4.9,7.1,6.7,0
23.03080082,0,0,24.0,10,6,3,0,0,1,0,4.6,1.9,8.0,6.3,6.0,0
53.48665298,1,1,41.0,5,3,2,1,1,1,0,3.8,3.4,8.0,7.9,6.0,0
55.22792608,0,0,28.0,5,6,2,0,1,1,1,8.6,4.8,1.0,6.3,8.3,1
89.00205339,1,1,32.0,10,2,7,1,1,0,1,3.8,3.4,8.7,7.9,4.4,1
4.993839836,0,0,31.0,14,6,7,1,0,1,0,7.8,5.5,3.3,5.6,8.3,0
9.790554415,1,0,41.0,10,6,2,1,0,1,0,3.0,6.9,6.4,4.8,6.0,0
9.790554415,1,0,41.0,10,6,2,1,0,1,0,2.2,6.9,8.0,6.3,3.7,0
9.790554415,1,0,41.0,10,6,2,1,0,1,0,3.0,6.9,7.2,4.8,5.2,0
11.26899384,0,0,43.0,14,6,4,1,1,1,1,5.4,4.8,5.7,6.3,6.7,1
58.80903491,1,0,32.0,15,10,6,1,0,1,1,4.6,2.6,6.4,4.8,4.4,1
24.27926078,0,1,45.0,14,6,2,1,1,1,1,6.2,3.4,7.2,6.3,3.7,1
24.27926078,0,1,45.0,14,6,2,1,1,1,1,7.0,5.5,5.7,6.3,6.0,1
73.3963039,0,0,43.0,5,6,2,1,1,1,0,7.8,6.2,4.1,4.0,8.3,0
2.102669405,0,0,38.0,10,6,2,1,1,0,1,8.6,5.5,4.1,5.6,6.7,1
2.102669405,0,0,38.0,10,6,2,1,1,0,1,8.6,3.4,4.1,7.1,6.0,1
2.102669405,0,0,38.0,10,6,2,1,1,0,1,7.8,4.1,4.1,7.1,6.7,1
8.772073922,0,0,46.0,13,6,2,1,0,1,0,6.2,4.8,7.2,5.6,6.7,0
86.04517454,0,0,35.0,13,6,0,1,0,1,1,3.0,7.6,7.2,4.8,2.9,1
19.44969199,0,1,38.0,14,6,5,1,1,1,2,6.2,4.1,6.4,6.3,5.2,2
19.44969199,0,1,38.0,14,6,5,1,1,1,2,8.6,2.6,7.2,4.8,4.4,2
20.59958932,1,0,26.0,14,6,6,1,1,1,1,3.0,4.8,7.2,7.9,5.2,1
20.59958932,1,0,26.0,14,6,6,1,1,1,1,3.0,5.5,5.7,7.1,5.2,1
7.852156057,0,0,27.0,12,6,7,1,0,1,0,7.0,4.8,4.1,4.8,7.5,0
7.852156057,0,0,27.0,12,6,7,1,0,1,0,5.4,6.9,8.0,4.8,6.0,0
21.65092402,0,0,43.0,3,6,3,1,1,1,0,6.2,6.2,4.1,5.6,6.7,0
20.76386037,0,1,26.0,12,6,7,2,0,1,0,3.0,6.9,4.9,4.8,7.5,0
33.97125257,0,0,25.0,2,6,7,2,0,1,0,7.0,6.2,3.3,3.3,3.7,0
99.77823409,0,0,26.0,15,6,7,2,0,1,0,5.4,2.6,7.2,7.1,5.2,0
99.77823409,0,0,26.0,15,6,7,2,0,1,0,5.4,4.1,8.7,4.8,2.9,0
60.78028747,0,0,33.0,8,6,2,0,0,1,1,7.8,6.2,6.4,7.9,6.0,1
60.78028747,0,0,33.0,8,6,2,0,0,1,1,3.8,3.4,5.7,8.7,7.5,1
51.58110883,0,0,38.0,14,6,6,1,1,1,1,3.8,6.9,4.9,4.8,6.0,1
5.585215606,0,0,32.0,5,6,7,2,1,1,0,6.2,3.4,8.0,3.3,3.7,0
6.866529774,0,0,45.0,13,6,2,1,0,1,1,4.6,4.8,8.7,4.8,6.0,1
23.9835729,0,1,32.0,10,6,4,1,0,1,0,7.8,2.6,5.7,8.7,5.2,0
9.691991786,0,0,35.0,9,6,4,1,1,1,1,7.8,3.4,5.7,4.0,6.0,1
73.29774127,1,0,24.0,10,6,4,0,0,1,0,5.4,8.4,4.1,4.8,6.0,0
73.29774127,1,0,24.0,10,6,4,0,0,1,0,7.8,5.5,4.1,4.8,5.2,0
34.56262834,1,1,31.0,10,1,0,0,1,1,1,9.4,4.8,4.1,7.1,5.2,1
34.56262834,1,1,31.0,10,1,0,0,1,1,1,7.8,4.8,3.3,7.1,5.2,1
42.90759754,0,0,24.0,2,6,7,0,0,1,0,6.2,6.2,4.1,4.8,6.0,0
70.93223819,0,1,26.0,7,6,6,0,0,1,0,4.6,4.1,5.7,8.7,5.2,0
5.35523614,0,0,34.0,10,6,4,1,0,1,1,6.2,5.5,6.4,7.1,6.0,1
43.17043121,0,0,42.0,6,6,3,1,1,1,0,4.6,6.2,7.2,6.3,6.0,0
11.72895277,0,0,27.0,8,5,7,0,1,1,0,6.2,3.4,6.4,7.1,6.7,0
4.468172485,0,0,35.0,14,6,3,1,1,1,1,7.0,4.1,6.4,6.3,6.7,1
55.12936345,0,0,37.0,4,6,3,1,1,1,0,6.2,6.2,2.6,4.8,8.3,0
55.12936345,0,0,37.0,4,6,3,1,1,1,0,5.4,7.6,4.9,2.5,6.7,0
0.887063655,0,0,30.0,5,6,2,1,1,0,0,10.0,3.4,3.3,4.0,7.5,0
13.8973306,1,0,27.0,10,6,7,1,1,1,1,8.6,4.8,7.2,4.0,3.7,1
49.70841889,0,1,26.0,6,6,4,0,1,1,1,7.0,3.4,4.9,7.9,9.0,1
7.12936345,0,0,27.0,5,6,4,1,1,1,0,7.0,6.2,4.1,4.8,8.3,0
2.792607803,1,0,23.0,3,6,3,1,0,1,0,7.0,5.5,4.1,5.6,8.3,0
9.067761807,0,0,54.0,13,6,3,1,1,1,1,4.6,8.4,5.7,4.0,4.4,1
113.8398357,0,0,21.0,10,6,2,0,0,1,0,2.2,4.8,8.7,7.9,5.2,0
113.8398357,0,0,21.0,10,6,2,0,0,1,0,3.8,3.4,8.7,7.1,3.7,0
66.69404517,0,0,32.0,12,6,0,1,1,1,1,7.8,4.8,2.6,8.7,7.5,1
66.69404517,0,0,32.0,12,6,0,1,1,1,1,8.6,4.1,1.8,8.7,8.3,1
92.64887064,0,0,25.0,14,6,7,0,0,1,2,4.6,7.6,9.5,2.5,1.3,2
92.64887064,0,0,25.0,14,6,7,0,0,1,2,5.4,5.5,7.2,5.6,2.9,2
57.69199179,0,0,28.0,10,6,7,1,0,1,1,5.4,5.5,6.4,2.5,4.4,1
3.811088296,0,0,33.0,10,6,7,1,1,1,0,1.4,6.9,8.0,6.3,5.2,0
106.2176591,0,0,23.0,10,6,4,1,1,1,0,5.4,5.5,5.7,4.8,9.8,0
19.51540041,0,0,31.0,10,6,2,0,0,1,0,5.4,7.6,6.4,4.8,6.0,0
19.51540041,0,0,31.0,10,6,2,0,0,1,0,6.2,6.2,6.4,4.0,6.0,0
15.11293634,1,0,23.0,10,6,7,1,0,1,1,7.8,4.8,3.3,6.3,7.5,1
22.24229979,0,0,46.0,5,6,3,2,0,1,0,3.0,6.9,6.4,5.6,6.0,0
22.24229979,0,0,46.0,5,6,3,2,0,1,0,7.0,6.2,5.7,4.8,4.4,0
26.80903491,1,0,34.0,2,6,7,1,0,1,0,1.4,6.9,8.0,4.0,5.2,0
5.749486653,0,0,26.0,10,2,2,2,0,1,0,3.8,4.8,7.2,5.6,4.4,0
10.11909651,0,0,30.0,9,6,2,1,1,0,1,7.8,4.8,3.3,5.6,6.7,1
10.11909651,0,0,30.0,9,6,2,1,1,0,1,10.0,4.1,1.8,6.3,8.3,1
52.00821355,0,0,29.0,10,6,2,0,0,1,0,6.2,6.9,8.7,3.3,2.9,0
105.8234086,0,0,32.0,5,6,6,1,0,1,0,4.6,7.6,4.1,4.8,6.0,0
3.482546201,0,1,37.0,5,7,7,1,1,1,2,4.6,6.2,4.9,6.3,4.4,2
7.523613963,0,0,39.0,13,6,7,1,1,1,0,7.0,4.8,6.4,5.6,5.2,0
16.06570842,0,0,50.0,3,6,4,1,1,1,0,6.2,6.2,6.4,3.3,6.7,0
43.26899384,0,0,51.0,4,6,2,1,1,1,0,3.8,7.6,5.7,6.3,5.2,0
20.89527721,0,0,33.0,5,6,4,0,0,1,0,3.8,6.2,6.4,4.8,6.7,0
1.18275154,0,0,25.0,10,10,3,0,0,1,0,7.0,9.1,1.8,4.8,6.0,0
132.8952772,0,0,32.0,14,6,4,1,1,1,0,3.8,5.5,8.7,3.3,3.7,0
132.8952772,0,0,32.0,14,6,4,1,1,1,0,3.0,6.9,6.4,3.3,2.9,0
93.8973306,0,1,23.0,14,7,7,1,1,1,0,5.4,4.8,5.7,6.3,5.2,0
21.88090349,0,0,38.0,14,6,7,1,0,1,2,7.0,1.9,9.5,5.6,6.0,2
21.88090349,0,0,38.0,14,6,7,1,0,1,2,6.2,2.6,8.7,6.3,6.0,2
21.88090349,0,0,38.0,14,6,7,1,0,1,2,5.4,2.6,10.0,3.3,3.7,2
21.88090349,0,0,38.0,14,6,7,1,0,1,2,4.6,5.5,10.0,2.5,5.2,2
11.92607803,0,0,27.0,10,6,7,0,1,0,0,7.0,4.8,6.4,4.8,7.5,0
3.416837782,1,0,39.0,3,6,0,1,1,0,0,8.6,4.8,3.3,4.0,6.7,0
58.94045175,0,0,29.0,13,6,4,0,0,1,0,6.2,7.6,4.1,4.0,8.3,0
23.55646817,0,0,31.0,4,6,0,1,1,0,1,7.0,6.9,1.8,6.3,10.0,1
16.62422998,0,0,32.0,2,6,4,1,1,0,0,6.2,2.6,2.6,10.0,7.5,0
4.501026694,0,1,24.0,4,6,7,0,1,1,0,6.2,4.8,6.4,7.1,7.5,0
36.73100616,0,0,24.0,8,6,4,2,0,1,0,4.6,6.9,7.2,5.6,4.4,0
36.73100616,0,0,24.0,8,6,4,2,0,1,0,6.2,4.8,4.9,4.8,3.7,0
72.57494867,0,1,26.0,5,7,7,0,0,1,0,4.6,4.1,6.4,4.8,4.4,0
52.10677618,0,0,30.0,10,11,7,0,0,1,0,6.2,4.8,5.7,5.6,8.3,0
13.5687885,1,0,33.0,14,6,5,1,1,1,1,6.2,4.8,2.6,5.6,6.7,1
6.176591376,1,0,34.0,10,6,7,1,0,1,0,3.8,7.6,8.7,4.0,4.4,0
60.25462012,1,0,22.0,3,6,4,0,0,1,1,6.2,7.6,6.4,2.5,4.4,1
3.482546201,0,0,28.0,14,6,7,1,1,1,0,3.8,6.2,6.4,5.6,3.7,0
7.852156057,0,0,41.0,10,6,4,1,1,1,0,1.4,4.8,8.7,5.6,2.1,0
7.852156057,0,0,41.0,10,6,4,1,1,1,0,3.0,8.4,8.0,3.3,2.1,0
1.80698152,1,1,27.0,10,11,2,1,1,1,0,3.0,4.1,9.5,7.1,5.2,0
1.445585216,0,0,29.0,5,6,7,0,1,1,0,6.2,6.2,4.9,5.6,6.0,0
72.67351129,0,0,35.0,13,6,7,1,1,1,1,4.6,4.8,8.0,6.3,4.4,1
60.94455852,1,0,25.0,5,6,7,1,1,1,1,5.4,4.8,6.4,6.3,7.5,1
44.94455852,0,1,33.0,10,6,7,0,0,1,0,2.2,7.6,6.4,4.8,7.5,0
90.51334702,1,0,22.0,5,6,3,0,0,1,0,3.0,5.5,9.5,6.3,3.7,0
6.439425051,1,1,24.0,14,9,2,0,1,1,1,7.8,5.5,1.8,6.3,6.7,1
9.330595483,0,0,23.0,2,6,2,0,0,1,0,3.8,6.2,6.4,7.1,5.2,0
7.195071869,0,1,27.0,5,6,2,1,0,0,0,7.8,4.8,3.3,6.3,6.7,0
24.27926078,0,1,27.0,15,6,3,1,0,1,0,3.0,7.6,8.7,3.3,2.9,0
44.55030801,0,0,30.0,14,6,4,1,0,1,1,7.0,5.5,4.1,5.6,6.7,1
16.0,1,0,26.0,0,6,3,1,1,1,0,6.2,2.6,4.9,7.9,6.0,0
166.0780287,1,1,30.0,2,5,4,0,1,1,1,3.8,4.8,9.5,4.0,2.1,1
51.74537988,0,1,32.0,13,6,0,1,0,1,0,5.4,9.1,4.9,3.3,6.7,0
59.76180698,0,0,38.0,2,6,5,2,1,1,1,3.8,6.9,4.1,5.6,3.7,1
30.12731006,0,0,34.0,14,6,4,2,1,1,0,4.6,5.5,7.2,4.8,6.0,0
12.32032854,0,0,26.0,10,6,2,1,1,1,1,6.2,2.6,8.0,6.3,7.5,1
89.36344969,1,0,22.0,8,6,5,1,1,1,0,7.0,4.8,4.9,6.3,7.5,0
74.05338809,1,0,21.0,14,5,4,0,0,1,1,5.4,4.1,6.4,6.3,7.5,1
45.07597536,0,0,28.0,5,6,5,1,0,1,0,6.2,6.9,1.8,5.6,7.5,0
5.749486653,0,1,32.0,14,6,0,1,1,1,0,2.2,4.1,5.7,8.7,6.0,0
20.96098563,1,0,24.0,10,2,7,0,1,1,0,4.6,7.6,7.2,3.3,6.7,0
21.15811088,0,1,49.0,10,5,4,1,1,1,0,7.0,4.8,4.9,7.1,6.0,0
19.94250513,1,0,23.0,14,2,7,0,0,1,0,6.2,3.4,6.4,7.1,2.9,0
29.24024641,1,0,42.0,10,6,2,1,1,0,0,3.8,5.5,5.7,4.8,3.7,0
19.35112936,0,0,45.0,10,6,3,1,0,1,2,3.8,6.9,8.0,6.3,5.2,2
112.788501,0,1,23.0,10,6,2,1,0,1,1,4.6,1.9,7.2,5.6,7.5,1
48.62422998,0,0,40.0,14,6,7,2,1,1,0,6.2,6.2,6.4,5.6,5.2,0
103.5893224,0,0,25.0,10,6,7,1,1,1,0,7.8,3.4,5.7,5.6,8.3,0
52.79671458,0,0,29.0,10,6,2,0,0,1,0,6.2,6.9,8.7,3.3,2.9,0
33.67556468,0,1,42.0,14,4,7,1,1,1,1,1.4,4.1,9.5,7.1,5.2,1
65.3798768,0,1,32.0,13,6,5,1,0,1,1,5.4,5.5,4.9,8.7,7.5,1
50.0698152,0,0,37.0,12,6,2,1,0,1,0,3.8,8.4,4.9,4.0,8.3,0
31.34291581,0,0,22.0,4,6,7,0,0,1,2,6.2,4.1,8.0,4.0,1.3,2
31.34291581,0,0,22.0,4,6,7,0,0,1,2,4.6,4.1,9.5,6.3,1.3,2
142.75154,0,1,27.0,10,11,6,1,1,1,1,3.8,6.2,4.1,7.9,5.2,1
4.1724846,0,0,28.0,13,6,7,1,1,1,0,3.8,6.2,6.4,5.6,3.7,0
49.47843943,0,1,31.0,10,3,7,1,0,1,0,5.4,4.8,2.6,8.7,9.8,0
2.135523614,0,1,38.0,14,6,0,1,0,1,1,5.4,4.1,8.0,7.1,8.3,1
2.135523614,0,1,38.0,14,6,0,1,0,1,1,3.0,5.5,7.2,7.9,6.0,1
75.8275154,0,0,23.0,12,6,4,0,0,1,0,2.2,6.2,8.7,4.0,2.1,0
67.4825462,0,0,36.0,10,6,0,1,0,1,0,4.6,6.9,3.3,6.3,9.0,0
9.133470226,0,0,22.0,5,6,7,0,1,1,0,7.8,8.4,2.6,4.0,6.7,0
9.133470226,0,0,22.0,5,6,7,0,1,1,0,7.8,7.6,3.3,4.8,6.7,0
33.28131417,0,0,40.0,11,6,3,1,0,1,0,3.0,6.9,8.0,4.0,3.7,0
32.0,0,0,22.0,5,7,2,0,1,1,2,7.0,3.4,4.9,7.1,6.7,2
53.42094456,0,1,37.0,6,8,3,1,1,1,1,3.0,4.8,4.1,7.1,7.5,1
45.5687885,1,0,25.0,6,6,0,2,0,1,2,7.0,6.2,6.4,4.0,5.2,2
9.757700205,0,1,37.0,10,11,3,0,1,1,0,6.2,4.1,4.9,7.9,6.7,0
14.55441478,0,1,30.0,12,11,2,0,0,0,1,5.4,2.6,3.3,7.9,6.0,1
8.837782341,0,0,24.0,2,6,7,2,0,1,0,4.6,6.2,5.7,6.3,6.7,0
12.78028747,1,0,35.0,4,3,3,1,0,1,0,5.4,5.5,3.3,4.8,6.7,0
14.48870637,0,1,30.0,10,2,5,1,1,0,1,3.8,4.1,8.7,4.8,5.2,1
14.48870637,0,1,30.0,10,2,5,1,1,0,1,5.4,3.4,9.5,6.3,3.7,1
14.48870637,0,1,30.0,13,2,5,1,1,0,1,3.8,4.1,8.7,4.8,5.2,1
14.48870637,0,1,30.0,13,2,5,1,1,0,1,5.4,3.4,9.5,6.3,3.7,1
1.675564682,0,1,36.0,12,6,3,0,0,1,1,5.4,4.8,6.4,4.8,6.7,1
113.0513347,0,0,30.0,2,6,4,2,0,1,1,4.6,6.9,4.1,6.3,7.5,1
48.6899384,0,0,25.0,5,6,7,2,0,1,0,6.2,3.4,7.2,2.5,3.7,0
48.6899384,0,0,25.0,5,6,7,2,0,1,0,6.2,5.5,7.2,7.1,4.4,0
29.30595483,1,0,25.0,5,6,2,2,0,1,0,6.2,8.4,5.7,4.0,6.0,0
13.10882957,1,0,26.0,1,6,3,1,0,1,1,3.0,3.4,6.4,7.1,6.0,1
7.12936345,1,0,21.0,4,6,7,0,1,1,0,5.4,6.9,7.2,2.5,4.4,0
54.9650924,0,1,22.0,2,7,3,0,1,1,0,5.4,5.5,6.4,7.9,6.0,0
74.74332649,1,0,25.0,10,6,7,1,1,1,1,4.6,2.6,8.0,4.0,2.9,1
84.89527721,0,0,31.0,5,6,7,1,0,1,1,4.6,3.4,7.2,7.1,4.4,1
35.94250513,0,1,33.0,4,3,7,2,1,1,0,5.4,4.8,2.6,7.9,9.0,0
50.23408624,0,0,38.0,13,6,3,1,1,1,0,7.8,7.6,2.6,5.6,7.5,0
57.52772074,0,1,24.0,11,7,2,0,1,1,0,6.2,3.4,2.6,7.1,5.2,0
4.76386037,0,1,30.0,10,6,7,1,1,1,0,7.8,2.6,4.1,8.7,6.7,0
30.71868583,0,0,32.0,14,6,7,1,1,1,0,4.6,2.6,7.2,6.3,5.2,0
55.95071869,0,0,28.0,6,6,2,0,0,1,1,5.4,4.8,4.9,7.9,5.2,1
58.4476386,0,1,24.0,13,9,4,0,0,1,0,6.2,5.5,3.3,7.9,6.7,0
38.89938398,0,1,36.0,14,14,3,1,1,1,1,4.6,4.8,4.1,7.1,10.0,1
9.49486653,0,0,26.0,5,7,2,1,1,1,2,6.2,5.5,5.7,6.3,5.2,2
42.57905544,0,0,26.0,2,6,7,1,0,1,1,6.2,6.2,5.7,5.6,7.5,1
42.57905544,0,0,26.0,2,6,7,1,0,1,1,6.2,7.6,4.1,4.8,9.0,1
114.8583162,1,0,26.0,10,6,0,1,0,1,0,7.0,5.5,4.9,4.8,7.5,0
18.7926078,0,1,30.0,2,9,7,1,1,1,0,7.0,2.6,4.1,8.7,9.0,0
10.51334702,0,1,37.0,10,11,3,0,1,1,0,6.2,4.1,4.9,7.9,6.7,0
51.08829569,1,0,31.0,8,6,7,1,0,1,0,6.2,2.6,4.9,6.3,6.7,0
40.47638604,0,1,26.0,15,13,6,0,1,1,0,6.2,3.4,5.7,6.3,7.5,0
5.420944559,1,1,44.0,14,1,7,1,1,1,1,3.0,6.2,10.0,4.0,3.7,1
71.22792608,1,0,23.0,4,6,2,1,0,1,0,3.8,4.1,8.0,7.9,5.2,0
15.34291581,0,1,33.0,8,14,3,1,1,1,0,4.6,6.2,9.5,5.6,4.4,0
21.48665298,0,0,31.0,11,13,1,1,0,1,2,9.4,5.5,3.3,3.3,5.2,2
12.32032854,0,1,36.0,14,6,3,1,1,1,0,7.0,4.8,4.1,4.0,4.4,0
3.252566735,1,0,39.0,14,6,7,1,1,1,0,2.2,9.8,7.2,3.3,2.1,0
11.79466119,0,0,29.0,10,6,0,0,0,1,0,4.6,4.1,8.7,4.8,4.4,0
108.8788501,1,0,32.0,2,6,5,1,1,1,0,7.8,7.6,4.1,1.7,5.2,0
21.88090349,0,0,41.0,10,6,7,1,1,0,1,7.8,7.6,4.1,1.7,5.2,1
37.32238193,0,1,25.0,13,13,6,2,1,1,1,4.6,5.5,8.7,4.0,3.7,1
23.95071869,1,1,34.0,2,1,6,1,1,1,0,9.4,4.8,4.1,7.1,5.2,0
23.95071869,1,1,34.0,2,1,6,1,1,1,0,7.8,4.8,3.3,7.1,5.2,0
51.31827515,0,0,43.0,7,6,7,1,0,1,1,4.6,5.5,3.3,7.9,7.5,1
15.60574949,0,1,54.0,10,11,2,0,1,1,0,7.8,2.6,4.9,8.7,7.5,0
1.149897331,0,1,30.0,5,11,5,1,0,1,2,7.8,3.4,1.8,7.1,7.5,2
51.8110883,0,0,23.0,13,6,7,0,0,1,0,7.0,8.4,4.9,3.3,6.7,0
61.79876797,1,1,22.0,5,7,7,1,1,1,0,3.8,7.6,4.9,5.6,6.0,0
45.43737166,0,0,35.0,13,6,4,1,0,1,0,6.2,5.5,4.9,6.3,6.0,0
17.24845996,0,0,37.0,3,6,4,1,1,1,0,6.2,2.6,7.2,7.1,2.9,0
25.98767967,0,1,23.0,4,9,1,0,1,1,2,6.2,6.2,7.2,4.8,5.2,2
19.05544148,0,0,26.0,5,6,7,2,1,0,0,3.8,3.4,8.7,7.1,6.0,0
29.70020534,0,1,47.0,5,3,4,1,1,1,0,1.4,5.5,6.4,10.0,5.2,0
29.70020534,0,1,47.0,5,3,4,1,1,1,0,2.2,5.5,7.2,9.4,6.0,0
59.86036961,1,0,27.0,10,6,7,0,0,1,1,6.2,6.9,4.1,5.6,6.0,1
51.84394251,0,0,34.0,5,1,3,0,1,1,1,4.6,4.1,4.9,9.4,6.7,1
58.97330595,0,1,25.0,10,13,7,1,0,1,0,4.6,4.8,6.4,7.9,6.7,0
85.48665298,0,1,29.0,10,5,7,2,1,1,0,3.8,2.6,9.5,7.1,2.1,0
118.899384,1,0,31.0,12,6,4,1,1,1,0,9.4,8.4,3.3,3.3,8.3,0
32.32854209,1,0,31.0,15,6,2,1,1,1,0,7.0,4.8,6.4,2.5,4.4,0
38.86652977,1,0,32.0,14,6,2,1,1,1,1,5.4,4.8,7.2,4.0,8.3,1
56.77207392,1,0,36.0,13,6,7,1,1,1,0,4.6,4.1,6.4,7.1,2.1,0
56.77207392,1,0,36.0,13,6,7,1,1,1,0,5.4,3.4,6.4,4.8,2.9,0
9.691991786,0,0,34.0,10,6,7,0,0,0,1,4.6,4.8,4.1,7.1,9.0,1
7.950718686,0,0,39.0,14,6,2,1,1,1,0,7.8,4.1,2.6,7.9,6.7,0
8.87063655,1,0,38.0,3,6,2,2,0,0,0,3.8,4.1,5.7,4.8,9.0,0
8.27926078,1,1,29.0,10,11,3,0,1,1,0,8.6,4.8,2.6,8.7,7.5,0
8.772073922,0,0,32.0,10,6,4,1,1,0,1,6.2,4.8,5.7,4.0,7.5,1
3.121149897,0,0,32.0,5,7,7,0,1,1,1,9.4,6.2,4.1,4.8,7.5,1
3.121149897,0,0,32.0,5,7,7,0,1,1,1,7.0,6.2,5.7,4.8,5.2,1
33.01848049,0,0,23.0,13,13,7,1,0,1,0,5.4,6.2,7.2,3.3,2.1,0
5.815195072,1,0,25.0,10,14,4,1,1,1,0,4.6,5.5,6.4,5.6,7.5,0
5.256673511,1,1,34.0,5,11,3,1,1,1,1,3.0,6.2,8.0,4.8,2.9,1
19.18685832,0,0,43.0,4,3,2,2,1,1,2,6.2,5.5,3.3,7.9,9.0,2
8.180698152,0,1,30.0,5,7,2,0,1,1,1,3.8,5.5,2.6,9.4,3.7,1
27.86036961,0,0,31.0,14,6,6,0,0,1,1,9.4,5.5,2.6,4.8,5.2,1
3.318275154,0,0,25.0,2,6,7,2,1,1,1,7.0,2.6,4.9,7.9,5.2,1
11.72895277,0,0,22.0,4,14,7,0,1,1,0,7.0,4.8,5.7,7.1,7.5,0
27.56468172,0,1,41.0,1,13,7,1,0,1,1,3.8,6.9,2.6,7.1,6.7,1
36.33675565,0,0,32.0,14,6,0,1,1,1,0,7.0,9.1,3.3,2.5,6.0,0
78.91581109,1,1,21.0,10,14,3,1,0,0,2,4.6,6.9,4.9,7.1,6.0,2
23.45790554,0,0,29.0,13,6,4,1,0,1,1,6.2,9.1,4.1,3.3,6.7,1
23.45790554,0,0,29.0,13,6,4,1,0,1,1,7.0,7.6,3.3,3.3,6.7,1
132.4024641,0,1,25.0,10,7,2,0,1,1,0,4.6,6.9,2.6,4.8,6.0,0
45.79876797,1,0,27.0,13,6,7,0,0,1,0,3.8,9.1,4.1,4.8,4.4,0
32.45995893,1,0,32.0,2,6,7,1,1,1,0,3.8,4.1,6.4,7.9,6.7,0
45.53593429,1,1,39.0,6,13,3,1,1,1,2,3.8,6.9,4.1,7.1,7.5,2
43.4661191,0,1,28.0,14,6,7,0,0,1,1,6.2,3.4,4.9,6.3,6.7,1
97.44558522,0,0,28.0,2,11,0,1,1,1,1,7.8,4.8,3.3,6.3,7.5,1
25.33059548,0,0,32.0,10,6,5,2,1,1,0,8.6,3.4,3.3,6.3,2.1,0
29.96303901,0,1,32.0,5,7,2,0,1,1,0,3.8,7.6,4.9,4.8,4.4,0
52.73100616,1,0,45.0,14,6,0,1,1,0,0,5.4,4.1,8.0,4.8,3.7,0
52.73100616,1,0,45.0,14,6,0,1,1,0,0,5.4,5.5,5.7,4.0,8.3,0
52.73100616,1,0,45.0,14,6,0,1,1,0,0,3.8,8.4,5.7,3.3,7.5,0
20.46817248,0,0,31.0,4,6,7,0,1,1,0,2.2,6.9,6.4,4.8,2.1,0
42.94045175,1,1,23.0,2,6,4,0,0,1,0,4.6,7.6,5.7,4.0,5.2,0
89.36344969,1,0,22.0,8,6,5,1,1,1,0,7.0,4.8,4.9,6.3,7.5,0
90.90759754,0,1,32.0,5,7,6,2,1,1,1,7.0,4.1,4.1,5.6,6.0,1
9.921971253,0,0,20.0,5,7,2,0,1,1,0,9.4,4.8,2.6,4.8,9.0,0
16.49281314,0,0,34.0,10,6,7,1,0,1,1,9.4,5.5,1.8,4.8,6.7,1
51.87679671,1,0,19.0,1,13,6,1,1,1,1,9.4,6.2,3.3,4.0,6.0,1
34.95687885,0,1,38.0,10,11,0,1,1,1,0,7.0,2.6,6.4,5.6,5.2,0
95.96714579,0,0,33.0,10,1,3,0,1,1,2,4.6,3.4,6.4,6.3,6.7,2
0.755646817,1,0,43.0,10,6,2,1,0,1,0,7.0,5.5,4.1,4.0,5.2,0
16.65708419,0,0,38.0,14,6,3,0,0,1,0,5.4,4.8,5.7,4.0,3.7,0
17.41273101,1,0,27.0,10,6,7,2,0,0,1,7.8,5.5,5.7,6.3,6.0,1
79.54004107,0,1,34.0,0,7,6,1,1,1,0,3.8,5.5,6.4,4.0,4.4,0
86.83367556,1,1,24.0,6,4,6,1,1,1,0,3.8,6.2,8.0,4.0,2.9,0
59.00616016,1,1,36.0,10,13,2,1,1,1,0,3.8,4.1,8.7,6.3,5.2,0
46.22587269,1,1,29.0,13,10,3,1,1,1,0,7.0,6.2,2.6,6.3,7.5,0
153.100616,0,1,43.0,5,11,4,1,1,1,1,6.2,3.4,4.9,7.9,5.2,1
7.162217659,0,0,39.0,15,6,3,1,0,1,0,3.0,7.6,7.2,4.0,7.5,0
7.162217659,0,0,39.0,15,6,3,1,0,1,0,1.4,8.4,8.0,4.8,6.0,0
6.800821355,0,1,31.0,5,7,7,1,1,1,0,7.8,3.4,1.8,8.7,6.7,0
79.80287474,0,1,34.0,5,7,6,1,1,0,0,3.8,5.5,6.4,4.0,4.4,0
94.78439425,0,0,31.0,10,6,6,2,1,1,2,6.2,6.2,3.3,4.0,9.0,2
94.78439425,0,0,31.0,10,6,6,2,1,1,2,5.4,6.2,4.9,6.3,7.5,2
59.17043121,0,0,22.0,10,6,7,2,0,1,0,8.6,4.8,2.6,7.1,8.3,0
11.00616016,1,1,41.0,4,6,7,1,1,1,0,3.8,4.1,6.4,9.4,6.0,0
6.800821355,0,1,25.0,14,6,3,1,0,1,0,5.4,4.8,6.4,7.1,8.3,0
26.67761807,0,0,19.0,5,6,7,2,0,1,0,7.0,2.6,6.4,7.1,2.1,0
11.56468172,0,1,41.0,5,7,7,1,1,1,2,5.4,4.1,4.9,7.9,7.5,2
53.35523614,0,0,27.0,5,6,7,1,1,1,0,3.0,5.5,6.4,6.3,4.4,0
12.5174538,0,1,48.0,14,9,3,1,1,1,0,1.4,6.9,6.4,8.7,6.0,0
6.669404517,0,0,27.0,2,6,7,1,0,1,0,9.4,5.5,3.3,4.0,7.5,0
10.61190965,0,0,41.0,2,6,4,0,1,1,0,8.6,3.4,2.6,4.8,8.3,0
10.61190965,0,0,41.0,2,6,4,0,1,1,0,8.6,3.4,2.6,4.8,8.3,0
118.8008214,0,0,34.0,12,0,0,1,0,1,0,4.6,5.5,7.2,6.3,3.7,0
49.41273101,0,0,51.0,4,6,2,1,1,0,0,3.8,7.6,5.7,6.3,5.2,0
24.83778234,0,0,29.0,10,6,7,1,0,1,1,9.4,1.2,4.1,5.6,6.7,1
